CVE_NAME,Severity,hasExploit,hasNuclei,Added
CVE-2024-56065,HIGH,False,false,2025-01-13T22:41:54.000
CVE-2024-56301,HIGH,False,false,2025-01-13T22:41:59.000
CVE-2025-22314,HIGH,False,false,2025-01-13T22:42:05.000
CVE-2025-22337,HIGH,False,false,2025-01-13T22:42:10.000
CVE-2025-22344,HIGH,False,false,2025-01-13T22:42:15.000
CVE-2025-22498,HIGH,False,false,2025-01-13T22:42:21.000
CVE-2025-22499,HIGH,False,false,2025-01-13T22:42:26.000
CVE-2025-22506,HIGH,False,false,2025-01-13T22:42:31.000
CVE-2025-22514,HIGH,False,false,2025-01-13T22:42:37.000
CVE-2025-22567,HIGH,False,false,2025-01-13T22:42:42.000
CVE-2025-22568,HIGH,False,false,2025-01-13T22:42:48.000
CVE-2025-22569,HIGH,False,false,2025-01-13T22:42:53.000
CVE-2025-22570,HIGH,False,false,2025-01-13T22:42:58.000
CVE-2025-22576,HIGH,False,false,2025-01-13T22:43:04.000
CVE-2025-22583,HIGH,False,false,2025-01-13T22:43:09.000
CVE-2025-22586,HIGH,False,false,2025-01-13T22:43:14.000
CVE-2025-22588,HIGH,False,false,2025-01-13T22:43:20.000
CVE-2025-0063,HIGH,False,false,2025-01-14T06:02:37.000
CVE-2024-12365,HIGH,False,false,2025-01-14T12:02:52.000
CVE-2025-20016,HIGH,False,false,2025-01-14T12:02:58.000
CVE-2025-20055,CRITICAL,False,false,2025-01-14T12:03:03.000
CVE-2025-20620,HIGH,False,false,2025-01-14T12:03:09.000
CVE-2024-53649,HIGH,False,false,2025-01-14T12:03:14.000
CVE-2024-56841,CRITICAL,False,false,2025-01-14T12:03:20.000
CVE-2023-42244,HIGH,False,false,2025-01-14T18:02:28.000
CVE-2024-57628,HIGH,False,false,2025-01-14T18:02:33.000
CVE-2024-57629,HIGH,False,false,2025-01-14T18:02:38.000
CVE-2024-57630,HIGH,False,false,2025-01-14T18:02:44.000
CVE-2024-57631,HIGH,False,false,2025-01-14T18:02:49.000
CVE-2024-57632,HIGH,False,false,2025-01-14T18:02:55.000
CVE-2024-57633,HIGH,False,false,2025-01-14T18:03:00.000
CVE-2024-57634,HIGH,False,false,2025-01-14T18:03:06.000
CVE-2024-57635,HIGH,False,false,2025-01-14T18:03:11.000
CVE-2024-57636,HIGH,False,false,2025-01-14T18:03:16.000
CVE-2024-57637,HIGH,False,false,2025-01-14T18:03:22.000
CVE-2023-37931,HIGH,False,false,2025-01-14T18:03:27.000
CVE-2023-37937,HIGH,False,false,2025-01-14T18:03:33.000
CVE-2024-27778,HIGH,False,false,2025-01-14T18:03:38.000
CVE-2024-36512,HIGH,False,false,2025-01-14T18:03:43.000
CVE-2024-48884,HIGH,False,false,2025-01-14T18:03:49.000
CVE-2024-50566,HIGH,False,false,2025-01-14T18:03:55.000
CVE-2024-34166,CRITICAL,False,false,2025-01-14T18:04:00.000
CVE-2024-37186,CRITICAL,False,false,2025-01-14T18:04:05.000
CVE-2024-39360,CRITICAL,False,false,2025-01-14T18:04:11.000
CVE-2024-39363,CRITICAL,False,false,2025-01-14T18:04:16.000
CVE-2024-39367,CRITICAL,False,false,2025-01-14T18:04:21.000
CVE-2024-39759,CRITICAL,False,false,2025-01-14T18:04:27.000
CVE-2024-39760,CRITICAL,False,false,2025-01-14T18:04:32.000
CVE-2024-39761,CRITICAL,False,false,2025-01-14T18:04:38.000
CVE-2024-39762,CRITICAL,False,false,2025-01-14T18:04:43.000
CVE-2024-39763,CRITICAL,False,false,2025-01-14T18:04:48.000
CVE-2024-39764,CRITICAL,False,false,2025-01-14T18:04:54.000
CVE-2024-39765,CRITICAL,False,false,2025-01-14T18:04:59.000
CVE-2024-39781,CRITICAL,False,false,2025-01-14T18:05:04.000
CVE-2024-39782,CRITICAL,False,false,2025-01-14T18:05:10.000
CVE-2024-39783,CRITICAL,False,false,2025-01-14T18:05:15.000
CVE-2024-39786,CRITICAL,False,false,2025-01-14T18:05:21.000
CVE-2024-39787,CRITICAL,False,false,2025-01-14T18:05:26.000
CVE-2024-13179,HIGH,False,false,2025-01-14T18:05:31.000
CVE-2024-13180,HIGH,False,false,2025-01-14T18:05:37.000
CVE-2024-13181,HIGH,False,false,2025-01-14T18:05:42.000
CVE-2024-13158,HIGH,False,false,2025-01-15T00:06:52.000
CVE-2024-13162,HIGH,False,false,2025-01-15T00:06:57.000
CVE-2025-21187,HIGH,False,false,2025-01-15T00:07:03.000
CVE-2025-21292,HIGH,False,false,2025-01-15T00:07:08.000
CVE-2025-23025,CRITICAL,False,false,2025-01-15T00:07:14.000
CVE-2024-49375,CRITICAL,False,false,2025-01-15T00:07:19.000
CVE-2025-0474,HIGH,False,false,2025-01-15T00:07:24.000
CVE-2024-54142,CRITICAL,False,false,2025-01-15T00:07:30.000
CVE-2025-23061,CRITICAL,False,false,2025-01-15T06:02:31.000
CVE-2025-0354,HIGH,False,false,2025-01-15T12:03:14.000
CVE-2024-13351,HIGH,False,false,2025-01-15T12:03:20.000
CVE-2025-0434,HIGH,False,false,2025-01-15T18:02:33.000
CVE-2025-0436,HIGH,False,false,2025-01-15T18:02:39.000
CVE-2025-0438,HIGH,False,false,2025-01-15T18:02:44.000
CVE-2025-0443,HIGH,False,false,2025-01-15T18:02:49.000
CVE-2025-0447,HIGH,False,false,2025-01-15T18:02:55.000
CVE-2024-11848,HIGH,False,false,2025-01-15T18:03:00.000
CVE-2024-45061,HIGH,False,false,2025-01-15T18:03:06.000
CVE-2024-47002,HIGH,False,false,2025-01-15T18:03:11.000
CVE-2024-47140,HIGH,False,false,2025-01-15T18:03:16.000
CVE-2025-22317,HIGH,False,false,2025-01-15T18:03:22.000
CVE-2025-22750,HIGH,False,false,2025-01-15T18:03:27.000
CVE-2025-22751,HIGH,False,false,2025-01-15T18:03:32.000
CVE-2025-22752,HIGH,False,false,2025-01-15T18:03:38.000
CVE-2025-22753,HIGH,False,false,2025-01-15T18:03:43.000
CVE-2025-22754,HIGH,False,false,2025-01-15T18:03:49.000
CVE-2025-22755,HIGH,False,false,2025-01-15T18:03:54.000
CVE-2025-22760,HIGH,False,false,2025-01-15T18:04:00.000
CVE-2025-22764,HIGH,False,false,2025-01-15T18:04:05.000
CVE-2025-22765,HIGH,False,false,2025-01-15T18:04:11.000
CVE-2025-22766,HIGH,False,false,2025-01-15T18:04:16.000
CVE-2025-22776,HIGH,False,false,2025-01-15T18:04:22.000
CVE-2025-22778,HIGH,False,false,2025-01-15T18:04:27.000
CVE-2025-22785,CRITICAL,False,false,2025-01-15T18:04:33.000
CVE-2025-22786,HIGH,False,false,2025-01-15T18:04:38.000
CVE-2025-22793,HIGH,False,false,2025-01-15T18:04:43.000
CVE-2025-22795,HIGH,False,false,2025-01-15T18:04:49.000
CVE-2025-22799,HIGH,False,false,2025-01-15T18:04:54.000
CVE-2024-7085,HIGH,False,false,2025-01-15T18:05:00.000
CVE-2025-0455,CRITICAL,False,false,2025-01-16T06:02:22.000
CVE-2025-0457,HIGH,False,false,2025-01-16T06:02:27.000
CVE-2024-12613,HIGH,False,false,2025-01-16T12:03:18.000
CVE-2024-12614,HIGH,False,false,2025-01-16T12:03:24.000
CVE-2024-27856,HIGH,False,false,2025-01-16T18:02:29.000
CVE-2024-40771,HIGH,False,false,2025-01-16T18:02:35.000
CVE-2025-22905,CRITICAL,False,false,2025-01-16T18:02:40.000
CVE-2025-22906,CRITICAL,False,false,2025-01-16T18:02:45.000
CVE-2025-22912,CRITICAL,False,false,2025-01-16T18:02:51.000
CVE-2024-41746,HIGH,False,false,2025-01-17T00:07:38.000
CVE-2025-23429,HIGH,False,false,2025-01-17T00:07:44.000
CVE-2025-23432,HIGH,False,false,2025-01-17T00:07:49.000
CVE-2025-23438,HIGH,False,false,2025-01-17T00:07:55.000
CVE-2025-23452,HIGH,False,false,2025-01-17T00:08:01.000
CVE-2025-23453,HIGH,False,false,2025-01-17T00:08:06.000
CVE-2025-23547,HIGH,False,false,2025-01-17T00:08:12.000
CVE-2025-23620,HIGH,False,false,2025-01-17T00:08:17.000
CVE-2025-23623,HIGH,False,false,2025-01-17T00:08:23.000
CVE-2025-23689,HIGH,False,false,2025-01-17T00:08:28.000
CVE-2025-23699,HIGH,False,false,2025-01-17T00:08:34.000
CVE-2025-23760,HIGH,False,false,2025-01-17T00:08:39.000
CVE-2025-23779,HIGH,False,false,2025-01-17T00:08:45.000
CVE-2025-23780,HIGH,False,false,2025-01-17T00:08:50.000
CVE-2025-23826,HIGH,False,false,2025-01-17T00:08:56.000
CVE-2025-23827,HIGH,False,false,2025-01-17T00:09:01.000
CVE-2025-23828,HIGH,False,false,2025-01-17T00:09:07.000
CVE-2025-23911,HIGH,False,false,2025-01-17T00:09:13.000
CVE-2025-23912,HIGH,False,false,2025-01-17T00:09:18.000
CVE-2025-23913,HIGH,False,false,2025-01-17T00:09:24.000
CVE-2025-23915,HIGH,False,false,2025-01-17T00:09:29.000
CVE-2024-13377,HIGH,False,false,2025-01-17T12:02:58.000
CVE-2024-13502,CRITICAL,False,false,2025-01-17T18:02:28.000
CVE-2024-57030,HIGH,False,false,2025-01-18T00:07:22.000
CVE-2025-23209,HIGH,False,false,2025-01-18T06:02:16.000
CVE-2025-0308,HIGH,False,false,2025-01-18T12:02:28.000
CVE-2024-13184,HIGH,False,false,2025-01-18T12:02:34.000
CVE-2024-47113,HIGH,False,false,2025-01-18T18:02:21.000
CVE-2025-0585,CRITICAL,False,false,2025-01-20T06:02:35.000
CVE-2025-23218,CRITICAL,True,false,2025-01-20T18:02:22.000
CVE-2025-23219,CRITICAL,True,false,2025-01-20T18:02:27.000
CVE-2025-23220,CRITICAL,True,false,2025-01-20T18:02:33.000
CVE-2024-49300,HIGH,False,false,2025-01-21T18:02:51.000
CVE-2024-49303,HIGH,False,false,2025-01-21T18:02:57.000
CVE-2024-49333,HIGH,False,false,2025-01-21T18:03:02.000
CVE-2024-49655,CRITICAL,False,false,2025-01-21T18:03:08.000
CVE-2024-49666,HIGH,False,false,2025-01-21T18:03:13.000
CVE-2024-49700,HIGH,False,false,2025-01-21T18:03:19.000
CVE-2024-51818,CRITICAL,False,false,2025-01-21T18:03:24.000
CVE-2025-22311,HIGH,False,false,2025-01-21T18:03:30.000
CVE-2025-22318,HIGH,False,false,2025-01-21T18:03:35.000
CVE-2025-22322,HIGH,False,false,2025-01-21T18:03:41.000
CVE-2025-22553,CRITICAL,False,false,2025-01-21T18:03:46.000
CVE-2025-22706,HIGH,False,false,2025-01-21T18:03:52.000
CVE-2025-22709,HIGH,False,false,2025-01-21T18:03:57.000
CVE-2025-22710,HIGH,False,false,2025-01-21T18:04:02.000
CVE-2025-22711,HIGH,False,false,2025-01-21T18:04:08.000
CVE-2025-22716,HIGH,False,false,2025-01-21T18:04:13.000
CVE-2025-22717,HIGH,False,false,2025-01-21T18:04:19.000
CVE-2025-22719,HIGH,False,false,2025-01-21T18:04:24.000
CVE-2025-22733,HIGH,False,false,2025-01-21T18:04:30.000
CVE-2025-22735,HIGH,False,false,2025-01-21T18:04:35.000
CVE-2025-22763,HIGH,False,false,2025-01-21T18:04:41.000
CVE-2025-23998,HIGH,False,false,2025-01-21T18:04:46.000
CVE-2025-24017,HIGH,False,false,2025-01-21T18:04:51.000
CVE-2025-24018,HIGH,False,false,2025-01-21T18:04:57.000
CVE-2024-54794,CRITICAL,False,false,2025-01-22T06:02:41.000
CVE-2025-23454,HIGH,False,false,2025-01-22T06:02:46.000
CVE-2025-23461,HIGH,False,false,2025-01-22T06:02:51.000
CVE-2025-23477,HIGH,False,false,2025-01-22T06:02:57.000
CVE-2025-23489,HIGH,False,false,2025-01-22T06:03:02.000
CVE-2025-23551,HIGH,False,false,2025-01-22T06:03:08.000
CVE-2025-23580,HIGH,False,false,2025-01-22T06:03:13.000
CVE-2025-23994,HIGH,False,false,2025-01-22T06:03:18.000
CVE-2025-24019,HIGH,False,false,2025-01-22T06:03:24.000
CVE-2024-13495,HIGH,False,false,2025-01-22T12:02:53.000
CVE-2024-13496,HIGH,False,false,2025-01-22T12:02:59.000
CVE-2024-13499,HIGH,False,false,2025-01-22T12:03:04.000
CVE-2025-23196,HIGH,False,false,2025-01-22T18:02:37.000
CVE-2025-22772,HIGH,False,false,2025-01-22T18:02:42.000
CVE-2025-23449,HIGH,False,false,2025-01-22T18:02:48.000
CVE-2025-23462,HIGH,False,false,2025-01-22T18:02:53.000
CVE-2025-23475,HIGH,False,false,2025-01-22T18:02:59.000
CVE-2025-23495,HIGH,False,false,2025-01-22T18:03:04.000
CVE-2025-23498,HIGH,False,false,2025-01-22T18:03:10.000
CVE-2025-23500,HIGH,False,false,2025-01-22T18:03:15.000
CVE-2025-23503,HIGH,False,false,2025-01-22T18:03:21.000
CVE-2025-23506,HIGH,False,false,2025-01-22T18:03:26.000
CVE-2025-23507,HIGH,False,false,2025-01-22T18:03:32.000
CVE-2025-23509,HIGH,False,false,2025-01-22T18:03:37.000
CVE-2025-23512,HIGH,False,false,2025-01-22T18:03:42.000
CVE-2025-23535,HIGH,False,false,2025-01-22T18:03:48.000
CVE-2025-23548,HIGH,False,false,2025-01-22T18:03:53.000
CVE-2025-23578,HIGH,False,false,2025-01-22T18:03:59.000
CVE-2025-23583,HIGH,False,false,2025-01-22T18:04:04.000
CVE-2025-23589,HIGH,False,false,2025-01-22T18:04:09.000
CVE-2025-23592,HIGH,False,false,2025-01-22T18:04:15.000
CVE-2025-23597,HIGH,False,false,2025-01-22T18:04:20.000
CVE-2025-23601,HIGH,False,false,2025-01-22T18:04:26.000
CVE-2025-23602,HIGH,False,false,2025-01-22T18:04:31.000
CVE-2025-23603,HIGH,False,false,2025-01-22T18:04:37.000
CVE-2025-23604,HIGH,False,false,2025-01-22T18:04:42.000
CVE-2025-23605,HIGH,False,false,2025-01-22T18:04:48.000
CVE-2025-23606,HIGH,False,false,2025-01-22T18:04:53.000
CVE-2025-23607,HIGH,False,false,2025-01-22T18:04:59.000
CVE-2025-23609,HIGH,False,false,2025-01-22T18:05:04.000
CVE-2025-23610,HIGH,False,false,2025-01-22T18:05:10.000
CVE-2025-23611,HIGH,False,false,2025-01-22T18:05:15.000
CVE-2025-23625,HIGH,False,false,2025-01-22T18:05:21.000
CVE-2025-23630,HIGH,False,false,2025-01-22T18:05:26.000
CVE-2025-23631,HIGH,False,false,2025-01-22T18:05:32.000
CVE-2025-23643,HIGH,False,false,2025-01-22T18:05:37.000
CVE-2025-23672,HIGH,False,false,2025-01-22T18:05:43.000
CVE-2025-23674,HIGH,False,false,2025-01-22T18:05:48.000
CVE-2025-23676,HIGH,False,false,2025-01-22T18:05:54.000
CVE-2025-23678,HIGH,False,false,2025-01-22T18:05:59.000
CVE-2025-23679,HIGH,False,false,2025-01-22T18:06:04.000
CVE-2025-23681,HIGH,False,false,2025-01-22T18:06:10.000
CVE-2025-23682,HIGH,False,false,2025-01-22T18:06:15.000
CVE-2025-23683,HIGH,False,false,2025-01-22T18:06:21.000
CVE-2025-23686,HIGH,False,false,2025-01-22T18:06:26.000
CVE-2025-23695,HIGH,False,false,2025-01-22T18:06:32.000
CVE-2025-23696,HIGH,False,false,2025-01-22T18:06:37.000
CVE-2025-23697,HIGH,False,false,2025-01-22T18:06:43.000
CVE-2025-23700,HIGH,False,false,2025-01-22T18:06:48.000
CVE-2025-23701,HIGH,False,false,2025-01-22T18:06:54.000
CVE-2025-23706,HIGH,False,false,2025-01-22T18:06:59.000
CVE-2025-23709,HIGH,False,false,2025-01-22T18:07:04.000
CVE-2025-23732,HIGH,False,false,2025-01-22T18:07:10.000
CVE-2025-23746,HIGH,False,false,2025-01-22T18:07:15.000
CVE-2025-23758,HIGH,False,false,2025-01-22T18:07:21.000
CVE-2025-23768,HIGH,False,false,2025-01-22T18:07:26.000
CVE-2025-23769,HIGH,False,false,2025-01-22T18:07:32.000
CVE-2025-23770,HIGH,False,false,2025-01-22T18:07:37.000
CVE-2025-23784,HIGH,False,false,2025-01-22T18:07:43.000
CVE-2025-23798,HIGH,False,false,2025-01-22T18:07:48.000
CVE-2025-23811,HIGH,False,false,2025-01-22T18:07:54.000
CVE-2025-23812,HIGH,False,false,2025-01-22T18:07:59.000
CVE-2025-23846,HIGH,False,false,2025-01-22T18:08:05.000
CVE-2025-23866,HIGH,False,false,2025-01-22T18:08:10.000
CVE-2025-23867,HIGH,False,false,2025-01-22T18:08:16.000
CVE-2025-23874,HIGH,False,false,2025-01-22T18:08:21.000
CVE-2025-23882,HIGH,False,false,2025-01-22T18:08:27.000
CVE-2025-23910,HIGH,False,false,2025-01-22T18:08:32.000
CVE-2025-23931,CRITICAL,False,false,2025-01-22T18:08:37.000
CVE-2025-23938,HIGH,False,false,2025-01-22T18:08:43.000
CVE-2025-23948,HIGH,False,false,2025-01-22T18:08:48.000
CVE-2025-23949,HIGH,False,false,2025-01-22T18:08:54.000
CVE-2025-23959,HIGH,False,false,2025-01-22T18:08:59.000
CVE-2025-23966,HIGH,False,false,2025-01-22T18:09:05.000
CVE-2025-23809,HIGH,False,false,2025-01-22T18:09:10.000
CVE-2024-55957,HIGH,False,false,2025-01-23T18:02:37.000
CVE-2024-13593,HIGH,False,false,2025-01-23T18:02:42.000
CVE-2024-13234,HIGH,False,false,2025-01-23T18:02:48.000
CVE-2025-22264,HIGH,False,false,2025-01-23T18:02:53.000
CVE-2025-23540,HIGH,False,false,2025-01-23T18:02:59.000
CVE-2025-23541,HIGH,False,false,2025-01-23T18:03:04.000
CVE-2025-23544,HIGH,False,false,2025-01-23T18:03:09.000
CVE-2025-23545,HIGH,False,false,2025-01-23T18:03:15.000
CVE-2025-23624,HIGH,False,false,2025-01-23T18:03:20.000
CVE-2025-23626,HIGH,False,false,2025-01-23T18:03:26.000
CVE-2025-23628,HIGH,False,false,2025-01-23T18:03:31.000
CVE-2025-23629,HIGH,False,false,2025-01-23T18:03:36.000
CVE-2025-23634,HIGH,False,false,2025-01-23T18:03:42.000
CVE-2025-23636,HIGH,False,false,2025-01-23T18:03:47.000
CVE-2025-23722,HIGH,False,false,2025-01-23T18:03:53.000
CVE-2025-23723,HIGH,False,false,2025-01-23T18:03:58.000
CVE-2025-23724,HIGH,False,false,2025-01-23T18:04:05.000
CVE-2025-23725,HIGH,False,false,2025-01-23T18:04:11.000
CVE-2025-23727,HIGH,False,false,2025-01-23T18:04:16.000
CVE-2025-23729,HIGH,False,false,2025-01-23T18:04:22.000
CVE-2025-23730,HIGH,False,false,2025-01-23T18:04:27.000
CVE-2025-23733,HIGH,False,false,2025-01-23T18:04:32.000
CVE-2025-23834,HIGH,False,false,2025-01-23T18:04:38.000
CVE-2025-23835,HIGH,False,false,2025-01-23T18:04:43.000
CVE-2025-23836,HIGH,False,false,2025-01-23T18:04:48.000
CVE-2025-23894,HIGH,False,false,2025-01-23T18:04:54.000
CVE-2025-23960,HIGH,False,false,2025-01-23T18:04:59.000
CVE-2025-23011,HIGH,False,false,2025-01-24T00:07:19.000
CVE-2025-0314,HIGH,False,false,2025-01-24T06:02:29.000
CVE-2024-13545,CRITICAL,False,false,2025-01-24T12:02:48.000
CVE-2024-13408,HIGH,False,false,2025-01-24T12:02:54.000
CVE-2024-13409,HIGH,False,false,2025-01-24T12:02:59.000
CVE-2025-22714,HIGH,False,false,2025-01-24T12:03:05.000
CVE-2025-23422,HIGH,False,false,2025-01-24T12:03:10.000
CVE-2025-23427,HIGH,False,false,2025-01-24T12:03:16.000
CVE-2025-23522,HIGH,False,false,2025-01-24T12:03:21.000
CVE-2025-23621,HIGH,False,false,2025-01-24T12:03:26.000
CVE-2025-23622,HIGH,False,false,2025-01-24T12:03:32.000
CVE-2025-23711,HIGH,False,false,2025-01-24T12:03:37.000
CVE-2025-23734,HIGH,False,false,2025-01-24T12:03:43.000
CVE-2025-23737,HIGH,False,false,2025-01-24T12:03:48.000
CVE-2025-23837,HIGH,False,false,2025-01-24T12:03:54.000
CVE-2025-23838,HIGH,False,false,2025-01-24T12:03:59.000
CVE-2025-23839,HIGH,False,false,2025-01-24T12:04:04.000
CVE-2025-23885,HIGH,False,false,2025-01-24T12:04:10.000
CVE-2025-23888,HIGH,False,false,2025-01-24T12:04:15.000
CVE-2025-23889,HIGH,False,false,2025-01-24T12:04:21.000
CVE-2025-22605,HIGH,False,false,2025-01-24T18:02:38.000
CVE-2025-22606,HIGH,False,false,2025-01-24T18:02:44.000
CVE-2025-22609,CRITICAL,False,false,2025-01-24T18:02:49.000
CVE-2025-22611,CRITICAL,False,false,2025-01-24T18:02:55.000
CVE-2025-24570,HIGH,False,false,2025-01-25T06:02:17.000
CVE-2025-24587,HIGH,False,false,2025-01-25T06:02:22.000
CVE-2025-24659,HIGH,False,false,2025-01-25T06:02:28.000
CVE-2025-24663,HIGH,False,false,2025-01-25T06:02:33.000
CVE-2025-24669,HIGH,False,false,2025-01-25T06:02:39.000
CVE-2025-24672,HIGH,False,false,2025-01-25T06:02:45.000
CVE-2025-24683,HIGH,False,false,2025-01-25T06:02:50.000
CVE-2025-24728,HIGH,False,false,2025-01-25T06:02:56.000
CVE-2025-0682,HIGH,False,false,2025-01-25T12:02:26.000
CVE-2025-0542,HIGH,False,false,2025-01-25T18:02:10.000
CVE-2024-10574,HIGH,False,false,2025-01-26T12:02:31.000
CVE-2024-10628,HIGH,False,false,2025-01-26T12:02:37.000
CVE-2024-10633,HIGH,False,false,2025-01-26T12:02:42.000
CVE-2024-11936,HIGH,False,false,2025-01-26T18:02:23.000
CVE-2022-4975,HIGH,False,false,2025-01-27T18:02:36.000
CVE-2025-22513,HIGH,False,false,2025-01-27T18:02:41.000
CVE-2025-23457,HIGH,False,false,2025-01-27T18:02:46.000
CVE-2025-23792,HIGH,False,false,2025-01-27T18:02:52.000
CVE-2025-24612,CRITICAL,False,false,2025-01-27T18:02:57.000
CVE-2025-24664,CRITICAL,False,false,2025-01-27T18:03:03.000
CVE-2025-24685,HIGH,False,false,2025-01-27T18:03:08.000
CVE-2024-57595,CRITICAL,False,false,2025-01-27T18:03:13.000
CVE-2025-23531,HIGH,False,false,2025-01-27T18:03:19.000
CVE-2025-23574,HIGH,False,false,2025-01-27T18:03:24.000
CVE-2025-23752,HIGH,False,false,2025-01-27T18:03:29.000
CVE-2025-23754,HIGH,False,false,2025-01-27T18:03:35.000
CVE-2025-23756,HIGH,False,false,2025-01-27T18:03:40.000
CVE-2025-23982,HIGH,False,false,2025-01-27T18:03:46.000
CVE-2025-24593,HIGH,False,false,2025-01-27T18:03:51.000
CVE-2025-24626,HIGH,False,false,2025-01-27T18:03:56.000
CVE-2025-24665,CRITICAL,False,false,2025-01-27T18:04:02.000
CVE-2025-24667,CRITICAL,False,false,2025-01-27T18:04:07.000
CVE-2025-24680,HIGH,False,false,2025-01-27T18:04:13.000
CVE-2025-24708,HIGH,False,false,2025-01-27T18:04:18.000
CVE-2025-24734,HIGH,False,false,2025-01-27T18:04:24.000
CVE-2024-54146,HIGH,True,false,2025-01-27T18:04:29.000
CVE-2025-22604,CRITICAL,True,false,2025-01-27T18:04:34.000
CVE-2024-48841,CRITICAL,False,false,2025-01-28T00:06:56.000
CVE-2024-11135,HIGH,False,false,2025-01-28T06:02:41.000
CVE-2024-13509,HIGH,False,false,2025-01-28T12:03:06.000
CVE-2025-0065,HIGH,False,false,2025-01-28T12:03:12.000
CVE-2024-54530,CRITICAL,False,false,2025-01-28T18:02:38.000
CVE-2024-54537,HIGH,False,false,2025-01-28T18:02:43.000
CVE-2024-54542,CRITICAL,False,false,2025-03-17T18:10:53.000
CVE-2025-24159,HIGH,False,false,2025-01-28T18:02:54.000
CVE-2025-0781,HIGH,False,false,2025-01-28T18:03:00.000
CVE-2025-22217,HIGH,False,false,2025-01-29T00:07:30.000
CVE-2025-24479,HIGH,False,false,2025-01-29T00:07:35.000
CVE-2025-24480,CRITICAL,False,false,2025-01-29T00:07:41.000
CVE-2024-40677,HIGH,False,false,2025-01-29T00:07:46.000
CVE-2025-24482,HIGH,False,false,2025-01-29T00:07:51.000
CVE-2025-0798,CRITICAL,False,false,2025-01-29T06:02:29.000
CVE-2024-13696,HIGH,False,false,2025-01-29T12:02:58.000
CVE-2024-41140,HIGH,False,false,2025-01-29T18:02:28.000
CVE-2024-10001,HIGH,False,false,2025-01-30T00:07:29.000
CVE-2025-20014,CRITICAL,False,false,2025-01-30T00:07:35.000
CVE-2025-20061,CRITICAL,False,false,2025-01-30T00:07:40.000
CVE-2025-21396,HIGH,False,false,2025-01-30T00:07:46.000
CVE-2024-13453,HIGH,False,false,2025-01-30T12:03:41.000
CVE-2025-0744,HIGH,False,false,2025-01-30T18:02:39.000
CVE-2025-0745,HIGH,False,false,2025-01-30T18:02:45.000
CVE-2025-0747,HIGH,False,false,2025-01-30T18:02:50.000
CVE-2024-10591,HIGH,False,false,2025-01-30T18:02:56.000
CVE-2024-11600,HIGH,False,false,2025-01-30T18:03:02.000
CVE-2024-12129,HIGH,False,false,2025-01-30T18:03:07.000
CVE-2024-12269,HIGH,False,false,2025-01-30T18:03:13.000
CVE-2024-12821,HIGH,False,false,2025-01-30T18:03:18.000
CVE-2024-12822,CRITICAL,False,false,2025-01-30T18:03:24.000
CVE-2024-13671,HIGH,False,false,2025-01-30T18:03:29.000
CVE-2024-13720,HIGH,False,false,2025-01-31T06:02:24.000
CVE-2023-29080,HIGH,False,false,2025-01-31T06:02:29.000
CVE-2025-0680,CRITICAL,False,false,2025-01-31T06:02:34.000
CVE-2025-0683,HIGH,False,false,2025-01-31T06:02:40.000
CVE-2025-24885,HIGH,False,false,2025-01-31T06:02:45.000
CVE-2024-13767,HIGH,False,false,2025-01-31T06:02:51.000
CVE-2025-0493,CRITICAL,False,false,2025-01-31T06:02:56.000
CVE-2024-13504,HIGH,False,false,2025-01-31T12:03:05.000
CVE-2025-0809,HIGH,False,false,2025-01-31T12:03:11.000
CVE-2025-22332,HIGH,False,false,2025-01-31T12:03:16.000
CVE-2025-22341,HIGH,False,false,2025-01-31T12:03:22.000
CVE-2025-22564,HIGH,False,false,2025-01-31T12:03:27.000
CVE-2025-23596,HIGH,False,false,2025-01-31T12:03:32.000
CVE-2025-23671,HIGH,False,false,2025-01-31T12:03:38.000
CVE-2025-23759,HIGH,False,false,2025-01-31T12:03:43.000
CVE-2025-24534,HIGH,False,false,2025-01-31T12:03:49.000
CVE-2025-24535,HIGH,False,false,2025-01-31T12:03:54.000
CVE-2025-24551,HIGH,False,false,2025-01-31T12:03:59.000
CVE-2025-24560,HIGH,False,false,2025-01-31T12:04:05.000
CVE-2025-24563,HIGH,False,false,2025-01-31T12:04:10.000
CVE-2025-24608,HIGH,False,false,2025-01-31T12:04:16.000
CVE-2025-24609,HIGH,False,false,2025-01-31T12:04:21.000
CVE-2025-24632,HIGH,False,false,2025-01-31T12:04:26.000
CVE-2025-24635,HIGH,False,false,2025-01-31T12:04:32.000
CVE-2025-24686,HIGH,False,false,2025-01-31T12:04:37.000
CVE-2025-24710,HIGH,False,false,2025-01-31T12:04:42.000
CVE-2025-24718,HIGH,False,false,2025-01-31T12:04:48.000
CVE-2024-13472,HIGH,False,false,2025-01-31T12:04:53.000
CVE-2024-23928,HIGH,False,false,2025-01-31T18:02:43.000
CVE-2024-23962,HIGH,False,false,2025-01-31T18:02:48.000
CVE-2024-23963,HIGH,False,false,2025-01-31T18:02:54.000
CVE-2024-23920,HIGH,False,false,2025-01-31T18:02:59.000
CVE-2024-23921,HIGH,False,false,2025-01-31T18:03:05.000
CVE-2024-23929,HIGH,False,false,2025-01-31T18:03:10.000
CVE-2024-46974,HIGH,False,false,2025-01-31T18:03:16.000
CVE-2024-47891,CRITICAL,False,false,2025-01-31T18:03:21.000
CVE-2025-0929,CRITICAL,False,false,2025-01-31T18:03:27.000
CVE-2024-23971,HIGH,False,false,2025-02-01T00:07:56.000
CVE-2025-24891,CRITICAL,False,false,2025-02-01T00:08:02.000
CVE-2024-12171,HIGH,False,false,2025-02-01T06:02:15.000
CVE-2025-0366,HIGH,False,false,2025-02-01T12:02:38.000
CVE-2025-22679,HIGH,False,false,2025-02-03T18:02:59.000
CVE-2025-22682,HIGH,False,false,2025-02-03T18:03:05.000
CVE-2025-22684,HIGH,False,false,2025-02-03T18:03:10.000
CVE-2025-22691,HIGH,False,false,2025-02-03T18:03:15.000
CVE-2025-22693,HIGH,False,false,2025-02-03T18:03:21.000
CVE-2025-22775,HIGH,False,false,2025-02-03T18:03:26.000
CVE-2025-23491,HIGH,False,false,2025-02-03T18:03:31.000
CVE-2025-23582,HIGH,False,false,2025-02-03T18:03:37.000
CVE-2025-23588,HIGH,False,false,2025-02-03T18:03:42.000
CVE-2025-23590,HIGH,False,false,2025-02-03T18:03:48.000
CVE-2025-23591,HIGH,False,false,2025-02-03T18:03:53.000
CVE-2025-23593,HIGH,False,false,2025-02-03T18:03:59.000
CVE-2025-23594,HIGH,False,false,2025-02-03T18:04:04.000
CVE-2025-23599,HIGH,False,false,2025-02-03T18:04:09.000
CVE-2025-23614,HIGH,False,false,2025-02-03T18:04:15.000
CVE-2025-23685,HIGH,False,false,2025-02-03T18:04:20.000
CVE-2025-23755,HIGH,False,false,2025-02-03T18:04:26.000
CVE-2025-23799,HIGH,False,false,2025-02-03T18:04:31.000
CVE-2025-23819,HIGH,False,false,2025-02-03T18:04:37.000
CVE-2025-23920,HIGH,False,false,2025-02-03T18:04:42.000
CVE-2025-23923,HIGH,False,false,2025-02-03T18:04:48.000
CVE-2025-23984,HIGH,False,false,2025-02-03T18:04:53.000
CVE-2025-24536,HIGH,False,false,2025-02-03T18:04:59.000
CVE-2025-24541,HIGH,False,false,2025-02-03T18:05:04.000
CVE-2025-24544,HIGH,False,false,2025-02-03T18:05:10.000
CVE-2025-24545,HIGH,False,false,2025-02-03T18:05:15.000
CVE-2025-24557,HIGH,False,false,2025-02-03T18:05:21.000
CVE-2025-24559,HIGH,False,false,2025-02-03T18:05:26.000
CVE-2025-24569,HIGH,False,false,2025-02-03T18:05:31.000
CVE-2025-24574,HIGH,False,false,2025-02-03T18:05:37.000
CVE-2025-24576,HIGH,False,false,2025-02-03T18:05:42.000
CVE-2025-24620,HIGH,False,false,2025-02-03T18:05:48.000
CVE-2025-24629,HIGH,False,false,2025-02-03T18:05:53.000
CVE-2025-24630,HIGH,False,false,2025-02-03T18:05:58.000
CVE-2025-24631,HIGH,False,false,2025-02-03T18:06:04.000
CVE-2025-24646,HIGH,False,false,2025-02-03T18:06:09.000
CVE-2025-24656,HIGH,False,false,2025-02-03T18:06:15.000
CVE-2025-24660,HIGH,False,false,2025-02-03T18:06:20.000
CVE-2025-24676,HIGH,False,false,2025-02-03T18:06:25.000
CVE-2025-24684,HIGH,False,false,2025-02-03T18:06:31.000
CVE-2025-24707,HIGH,False,false,2025-02-03T18:06:36.000
CVE-2025-24781,HIGH,False,false,2025-02-03T18:06:41.000
CVE-2024-12859,HIGH,False,false,2025-02-04T00:07:15.000
CVE-2025-24960,HIGH,False,false,2025-02-04T00:07:20.000
CVE-2025-24901,CRITICAL,True,false,2025-02-04T00:07:26.000
CVE-2025-24902,CRITICAL,True,false,2025-02-04T00:07:31.000
CVE-2025-24905,CRITICAL,True,false,2025-02-04T00:07:36.000
CVE-2025-24906,CRITICAL,True,false,2025-02-04T00:07:42.000
CVE-2025-24957,CRITICAL,True,false,2025-02-04T00:07:47.000
CVE-2025-24958,CRITICAL,True,false,2025-02-04T00:07:52.000
CVE-2024-57098,CRITICAL,False,false,2025-02-04T18:02:38.000
CVE-2024-57099,CRITICAL,False,false,2025-02-04T18:02:44.000
CVE-2024-57669,HIGH,False,false,2025-02-04T18:02:49.000
CVE-2025-22978,CRITICAL,False,false,2025-02-04T18:02:55.000
CVE-2025-25064,HIGH,False,false,2025-03-14T18:36:00.000
CVE-2024-56898,HIGH,False,false,2025-02-04T18:03:06.000
CVE-2024-57451,HIGH,False,false,2025-02-04T18:03:11.000
CVE-2024-23690,HIGH,False,false,2025-02-04T18:03:16.000
CVE-2025-22699,CRITICAL,False,false,2025-02-04T18:03:22.000
CVE-2025-22700,HIGH,False,false,2025-02-04T18:03:27.000
CVE-2025-22794,HIGH,False,false,2025-02-04T18:03:33.000
CVE-2025-23645,HIGH,False,false,2025-02-04T18:03:38.000
CVE-2025-24598,HIGH,False,false,2025-02-04T18:03:43.000
CVE-2025-24599,HIGH,False,false,2025-02-04T18:03:49.000
CVE-2025-24602,HIGH,False,false,2025-02-04T18:03:54.000
CVE-2025-24677,CRITICAL,False,false,2025-02-04T18:04:00.000
CVE-2025-22204,CRITICAL,False,false,2025-02-05T00:07:38.000
CVE-2025-24971,CRITICAL,False,false,2025-02-05T00:07:44.000
CVE-2025-24967,HIGH,False,false,2025-02-05T00:07:49.000
CVE-2025-25246,HIGH,False,false,2025-02-05T06:02:32.000
CVE-2025-20029,HIGH,False,false,2025-02-06T12:03:18.000
CVE-2025-23239,HIGH,False,false,2025-02-06T12:03:24.000
CVE-2025-24372,HIGH,False,false,2025-02-06T12:03:29.000
CVE-2025-24803,HIGH,False,false,2025-02-06T12:03:34.000
CVE-2024-51450,CRITICAL,False,false,2025-02-06T12:03:40.000
CVE-2024-13487,HIGH,False,false,2025-02-06T12:03:45.000
CVE-2020-36084,CRITICAL,False,false,2025-02-06T18:02:33.000
CVE-2024-39272,CRITICAL,False,false,2025-02-06T18:02:39.000
CVE-2024-57428,CRITICAL,False,false,2025-02-07T00:08:07.000
CVE-2024-57430,CRITICAL,False,false,2025-02-07T00:08:12.000
CVE-2025-24981,CRITICAL,False,false,2025-02-07T00:08:18.000
CVE-2025-22992,CRITICAL,False,false,2025-02-07T00:08:23.000
CVE-2025-24786,CRITICAL,False,false,2025-02-07T00:08:29.000
CVE-2025-21177,HIGH,False,false,2025-02-07T00:08:34.000
CVE-2025-25116,HIGH,False,false,2025-02-07T12:03:29.000
CVE-2025-25141,HIGH,False,false,2025-02-07T12:03:34.000
CVE-2025-25144,HIGH,False,false,2025-02-07T12:03:40.000
CVE-2025-25151,HIGH,False,false,2025-02-07T12:03:45.000
CVE-2025-25155,HIGH,False,false,2025-02-07T12:03:51.000
CVE-2025-25159,HIGH,False,false,2025-02-07T12:03:56.000
CVE-2025-25163,HIGH,False,false,2025-02-07T12:04:02.000
CVE-2025-25167,HIGH,False,false,2025-02-07T12:04:07.000
CVE-2024-10383,HIGH,False,false,2025-02-07T18:02:37.000
CVE-2024-7419,HIGH,False,false,2025-02-07T18:02:46.000
CVE-2024-57357,HIGH,False,false,2025-02-08T00:07:11.000
CVE-2025-24366,HIGH,False,false,2025-02-08T00:07:16.000
CVE-2025-24028,HIGH,False,false,2025-02-08T00:07:22.000
CVE-2025-25187,HIGH,False,false,2025-02-08T00:07:27.000
CVE-2024-13440,HIGH,False,false,2025-02-09T06:02:17.000
CVE-2024-8684,HIGH,False,false,2025-02-10T18:02:36.000
CVE-2025-25243,HIGH,False,false,2025-02-11T06:02:23.000
CVE-2024-12599,HIGH,False,false,2025-02-11T06:02:28.000
CVE-2024-13643,HIGH,False,false,2025-02-11T12:03:37.000
CVE-2025-26491,HIGH,False,false,2025-02-11T12:03:43.000
CVE-2024-27859,HIGH,False,false,2025-02-11T18:02:34.000
CVE-2025-24200,HIGH,False,false,2025-02-11T18:02:39.000
CVE-2024-10644,CRITICAL,False,false,2025-02-11T18:02:45.000
CVE-2024-47908,CRITICAL,False,false,2025-02-11T18:02:51.000
CVE-2024-12755,HIGH,False,false,2025-02-11T18:02:56.000
CVE-2024-27781,HIGH,False,false,2025-02-11T18:03:02.000
CVE-2024-40584,HIGH,False,false,2025-02-11T18:03:07.000
CVE-2024-50567,HIGH,False,false,2025-02-11T18:03:13.000
CVE-2025-22399,HIGH,False,false,2025-02-11T18:03:18.000
CVE-2025-24406,HIGH,False,false,2025-02-12T06:02:42.000
CVE-2025-24407,HIGH,False,false,2025-02-12T06:02:48.000
CVE-2025-24410,HIGH,False,false,2025-02-12T06:02:53.000
CVE-2025-24412,HIGH,False,false,2025-02-12T06:02:58.000
CVE-2025-24413,HIGH,False,false,2025-02-12T06:03:04.000
CVE-2025-24414,HIGH,False,false,2025-02-12T06:03:09.000
CVE-2025-24415,HIGH,False,false,2025-02-12T06:03:15.000
CVE-2025-24416,HIGH,False,false,2025-02-12T06:03:20.000
CVE-2025-24417,HIGH,False,false,2025-02-12T06:03:25.000
CVE-2025-24438,HIGH,False,false,2025-02-12T06:03:31.000
CVE-2025-25203,HIGH,False,false,2025-02-12T06:03:36.000
CVE-2024-13653,HIGH,False,false,2025-02-12T06:03:41.000
CVE-2024-13654,HIGH,False,false,2025-02-12T06:03:47.000
CVE-2024-13656,HIGH,False,false,2025-02-12T06:03:52.000
CVE-2024-13800,HIGH,False,false,2025-02-12T06:03:57.000
CVE-2025-26520,HIGH,False,false,2025-02-12T12:02:54.000
CVE-2024-12296,HIGH,False,false,2025-02-12T12:02:59.000
CVE-2024-13435,HIGH,False,false,2025-02-12T12:03:05.000
CVE-2024-13473,HIGH,False,false,2025-02-12T12:03:10.000
CVE-2024-13475,HIGH,False,false,2025-02-12T12:03:15.000
CVE-2024-13490,HIGH,False,false,2025-02-12T12:03:21.000
CVE-2024-13531,HIGH,False,false,2025-02-12T12:03:26.000
CVE-2024-32838,CRITICAL,False,false,2025-02-12T12:03:32.000
CVE-2024-57000,CRITICAL,False,false,2025-02-12T18:02:44.000
CVE-2024-13477,HIGH,False,false,2025-02-12T18:02:49.000
CVE-2024-13480,HIGH,False,false,2025-02-12T18:02:55.000
CVE-2024-13532,HIGH,False,false,2025-02-12T18:03:01.000
CVE-2025-0511,HIGH,False,false,2025-02-12T18:03:06.000
CVE-2025-26349,HIGH,False,false,2025-02-12T18:03:12.000
CVE-2025-26354,HIGH,False,false,2025-02-12T18:03:17.000
CVE-2025-26356,HIGH,False,false,2025-02-12T18:03:23.000
CVE-2025-26368,HIGH,False,false,2025-02-12T18:03:29.000
CVE-2025-26369,HIGH,False,false,2025-02-12T18:03:34.000
CVE-2025-26370,HIGH,False,false,2025-02-12T18:03:40.000
CVE-2025-26371,HIGH,False,false,2025-02-12T18:03:46.000
CVE-2025-26372,HIGH,False,false,2025-02-12T18:03:51.000
CVE-2025-26375,HIGH,False,false,2025-02-12T18:03:57.000
CVE-2025-26377,HIGH,False,false,2025-02-12T18:04:02.000
CVE-2025-26378,HIGH,False,false,2025-02-12T18:04:08.000
CVE-2024-12251,HIGH,False,false,2025-02-12T18:04:13.000
CVE-2025-0376,HIGH,False,false,2025-02-12T18:04:19.000
CVE-2025-1244,HIGH,False,false,2025-02-12T18:04:25.000
CVE-2024-11343,HIGH,False,false,2025-02-12T18:04:30.000
CVE-2025-0332,HIGH,False,false,2025-02-12T18:04:36.000
CVE-2024-11629,HIGH,False,false,2025-02-12T18:04:41.000
CVE-2025-0937,HIGH,False,false,2025-02-13T00:07:15.000
CVE-2025-0110,HIGH,False,false,2025-02-13T00:07:20.000
CVE-2024-10763,CRITICAL,False,false,2025-02-13T06:02:24.000
CVE-2024-13345,HIGH,False,false,2025-02-13T12:03:08.000
CVE-2024-13346,HIGH,False,false,2025-02-13T12:03:14.000
CVE-2025-26551,HIGH,False,false,2025-02-13T18:02:44.000
CVE-2025-26552,HIGH,False,false,2025-02-13T18:02:50.000
CVE-2024-46910,HIGH,False,false,2025-02-14T00:07:10.000
CVE-2025-25388,CRITICAL,True,false,2025-02-14T00:07:16.000
CVE-2025-24888,HIGH,False,false,2025-02-14T00:07:21.000
CVE-2025-1127,CRITICAL,False,false,2025-02-14T00:07:26.000
CVE-2025-24861,HIGH,False,false,2025-02-14T00:07:32.000
CVE-2025-25067,CRITICAL,False,false,2025-02-14T00:07:37.000
CVE-2025-26511,HIGH,False,false,2025-02-14T06:02:46.000
CVE-2024-55904,HIGH,False,false,2025-02-14T06:02:51.000
CVE-2025-22630,CRITICAL,False,false,2025-02-14T12:03:12.000
CVE-2025-22962,HIGH,False,false,2025-02-14T18:02:26.000
CVE-2024-13152,CRITICAL,False,false,2025-02-14T18:02:32.000
CVE-2024-52500,HIGH,False,false,2025-02-14T18:02:38.000
CVE-2025-23428,HIGH,False,false,2025-02-14T18:02:43.000
CVE-2025-23431,HIGH,False,false,2025-02-14T18:02:49.000
CVE-2025-23474,HIGH,False,false,2025-02-14T18:02:54.000
CVE-2025-23492,HIGH,False,false,2025-02-14T18:03:00.000
CVE-2025-23523,HIGH,False,false,2025-02-14T18:03:05.000
CVE-2025-23525,HIGH,False,false,2025-02-14T18:03:11.000
CVE-2025-23568,HIGH,False,false,2025-02-14T18:03:16.000
CVE-2025-23571,HIGH,False,false,2025-02-14T18:03:22.000
CVE-2025-23598,HIGH,False,false,2025-02-14T18:03:28.000
CVE-2025-23646,HIGH,False,false,2025-02-14T18:03:33.000
CVE-2025-23647,HIGH,False,false,2025-02-14T18:03:39.000
CVE-2025-23648,HIGH,False,false,2025-02-14T18:03:44.000
CVE-2025-23650,HIGH,False,false,2025-02-14T18:03:50.000
CVE-2025-23651,HIGH,False,false,2025-02-14T18:03:55.000
CVE-2025-23652,HIGH,False,false,2025-02-14T18:04:01.000
CVE-2025-23653,HIGH,False,false,2025-02-14T18:04:06.000
CVE-2025-23655,HIGH,False,false,2025-02-14T18:04:12.000
CVE-2025-23657,HIGH,False,false,2025-02-14T18:04:17.000
CVE-2025-23658,HIGH,False,false,2025-02-14T18:04:23.000
CVE-2025-23742,HIGH,False,false,2025-02-14T18:04:28.000
CVE-2025-23748,HIGH,False,false,2025-02-14T18:04:34.000
CVE-2025-23750,HIGH,False,false,2025-02-14T18:04:40.000
CVE-2025-23751,HIGH,False,false,2025-02-14T18:04:45.000
CVE-2025-23786,HIGH,False,false,2025-02-14T18:04:51.000
CVE-2025-23787,HIGH,False,false,2025-02-14T18:04:56.000
CVE-2025-23788,HIGH,False,false,2025-02-14T18:05:02.000
CVE-2025-23789,HIGH,False,false,2025-02-14T18:05:07.000
CVE-2025-23790,HIGH,False,false,2025-02-14T18:05:13.000
CVE-2025-23851,HIGH,False,false,2025-02-14T18:05:18.000
CVE-2025-23853,HIGH,False,false,2025-02-14T18:05:24.000
CVE-2025-23857,HIGH,False,false,2025-02-14T18:05:29.000
CVE-2025-23905,HIGH,False,false,2025-02-14T18:05:35.000
CVE-2025-24554,HIGH,False,false,2025-02-14T18:05:41.000
CVE-2025-24558,HIGH,False,false,2025-02-14T18:05:46.000
CVE-2025-24564,HIGH,False,false,2025-02-14T18:05:52.000
CVE-2025-24565,HIGH,False,false,2025-02-14T18:05:57.000
CVE-2025-24566,HIGH,False,false,2025-02-14T18:06:03.000
CVE-2025-24592,HIGH,False,false,2025-02-14T18:06:08.000
CVE-2025-24614,HIGH,False,false,2025-02-14T18:06:14.000
CVE-2025-24615,HIGH,False,false,2025-02-14T18:06:20.000
CVE-2025-24616,HIGH,False,false,2025-02-14T18:06:25.000
CVE-2025-24617,HIGH,False,false,2025-02-14T18:06:31.000
CVE-2025-24641,HIGH,False,false,2025-02-14T18:06:36.000
CVE-2025-24688,HIGH,False,false,2025-02-14T18:06:42.000
CVE-2025-24692,HIGH,False,false,2025-02-14T18:06:47.000
CVE-2025-24700,HIGH,False,false,2025-02-14T18:06:53.000
CVE-2025-25206,HIGH,False,false,2025-02-14T18:06:59.000
CVE-2025-25295,HIGH,False,false,2025-02-14T18:07:04.000
CVE-2025-25997,HIGH,False,false,2025-02-15T00:06:57.000
CVE-2025-26156,HIGH,False,false,2025-02-15T00:07:02.000
CVE-2025-25297,HIGH,False,false,2025-02-15T00:07:08.000
CVE-2025-0593,HIGH,False,false,2025-02-15T00:07:13.000
CVE-2024-5461,HIGH,False,false,2025-02-15T06:02:19.000
CVE-2025-1302,HIGH,False,false,2025-02-15T06:02:25.000
CVE-2024-13513,CRITICAL,False,false,2025-02-15T12:02:41.000
CVE-2024-13488,HIGH,False,false,2025-02-15T18:02:12.000
CVE-2024-44044,HIGH,False,false,2025-02-17T00:07:53.000
CVE-2025-22284,HIGH,False,false,2025-02-17T00:07:58.000
CVE-2025-22286,HIGH,False,false,2025-02-17T00:08:03.000
CVE-2025-22290,CRITICAL,False,false,2025-02-17T00:08:09.000
CVE-2025-22680,HIGH,False,false,2025-02-17T00:08:14.000
CVE-2025-26755,HIGH,False,false,2025-02-17T00:08:19.000
CVE-2025-0924,HIGH,False,false,2025-02-17T06:02:53.000
CVE-2025-1389,HIGH,False,false,2025-02-17T06:02:59.000
CVE-2025-23840,HIGH,False,false,2025-02-17T18:02:43.000
CVE-2025-23845,HIGH,False,false,2025-02-17T18:02:49.000
CVE-2025-21103,HIGH,False,false,2025-02-17T18:02:54.000
CVE-2024-13677,HIGH,False,false,2025-02-18T06:02:29.000
CVE-2024-13725,CRITICAL,False,false,2025-02-18T06:02:35.000
CVE-2024-13556,HIGH,False,false,2025-02-18T12:03:00.000
CVE-2024-13704,HIGH,False,false,2025-02-18T12:03:06.000
CVE-2025-1023,CRITICAL,True,false,2025-02-18T12:03:11.000
CVE-2024-13797,HIGH,False,false,2025-02-18T12:03:17.000
CVE-2025-0521,HIGH,False,false,2025-02-18T12:03:22.000
CVE-2025-0817,HIGH,False,false,2025-02-18T12:03:27.000
CVE-2025-25284,HIGH,False,false,2025-02-19T00:07:10.000
CVE-2025-22639,HIGH,False,false,2025-02-19T00:07:16.000
CVE-2025-22656,HIGH,False,false,2025-02-19T00:07:21.000
CVE-2025-22657,HIGH,False,false,2025-02-19T00:07:26.000
CVE-2025-22663,HIGH,False,false,2025-02-19T00:07:32.000
CVE-2025-26605,CRITICAL,False,false,2025-02-19T00:07:37.000
CVE-2025-26606,CRITICAL,True,false,2025-02-19T00:07:43.000
CVE-2025-26607,CRITICAL,True,false,2025-02-19T00:07:48.000
CVE-2025-26608,CRITICAL,True,false,2025-02-19T00:07:53.000
CVE-2025-26609,CRITICAL,True,false,2025-02-19T00:07:59.000
CVE-2025-26610,CRITICAL,True,false,2025-02-19T00:08:04.000
CVE-2025-26611,CRITICAL,True,false,2025-02-19T00:08:09.000
CVE-2025-26612,CRITICAL,True,false,2025-02-19T00:08:15.000
CVE-2025-26613,CRITICAL,True,false,2025-02-19T00:08:20.000
CVE-2025-26614,CRITICAL,True,false,2025-02-19T00:08:26.000
CVE-2025-26615,CRITICAL,True,false,2025-02-19T00:08:31.000
CVE-2025-26616,CRITICAL,True,false,2025-02-19T00:08:36.000
CVE-2025-26617,CRITICAL,True,false,2025-02-19T00:08:42.000
CVE-2024-11582,HIGH,False,false,2025-02-19T06:02:33.000
CVE-2024-13468,HIGH,False,false,2025-02-19T12:03:29.000
CVE-2024-13592,HIGH,False,false,2025-02-19T12:03:34.000
CVE-2025-1132,CRITICAL,True,false,2025-02-19T12:03:40.000
CVE-2025-1133,CRITICAL,True,false,2025-02-19T12:03:45.000
CVE-2025-1134,CRITICAL,True,false,2025-02-19T12:03:51.000
CVE-2025-1135,CRITICAL,True,false,2025-02-19T12:03:56.000
CVE-2024-13489,HIGH,False,false,2025-02-19T12:04:01.000
CVE-2025-25467,CRITICAL,False,false,2025-02-19T18:02:29.000
CVE-2025-25893,HIGH,False,false,2025-02-19T18:02:35.000
CVE-2025-25894,HIGH,False,false,2025-02-19T18:02:40.000
CVE-2025-25895,HIGH,False,false,2025-02-19T18:02:45.000
CVE-2024-13478,HIGH,False,false,2025-02-19T18:02:51.000
CVE-2024-13479,HIGH,False,false,2025-02-19T18:02:56.000
CVE-2024-13481,HIGH,False,false,2025-02-19T18:03:02.000
CVE-2024-13483,HIGH,False,false,2025-02-19T18:03:07.000
CVE-2024-13485,HIGH,False,false,2025-02-19T18:03:12.000
CVE-2024-13491,HIGH,False,false,2025-02-19T18:03:18.000
CVE-2024-13533,HIGH,False,false,2025-02-19T18:03:23.000
CVE-2024-13534,HIGH,False,false,2025-02-19T18:03:29.000
CVE-2025-0916,HIGH,False,false,2025-02-19T18:03:34.000
CVE-2025-24965,HIGH,False,false,2025-02-19T18:03:40.000
CVE-2024-37359,HIGH,False,false,2025-02-20T00:07:17.000
CVE-2024-5705,HIGH,False,false,2025-02-20T00:07:22.000
CVE-2025-27092,HIGH,True,false,2025-02-20T00:07:28.000
CVE-2024-13476,HIGH,False,false,2025-02-20T12:03:12.000
CVE-2024-13792,HIGH,False,false,2025-02-20T12:03:17.000
CVE-2025-25943,HIGH,False,false,2025-02-20T18:03:05.000
CVE-2025-25944,HIGH,False,false,2025-02-20T18:03:11.000
CVE-2025-0868,CRITICAL,False,false,2025-02-20T18:03:17.000
CVE-2025-1039,HIGH,False,false,2025-02-20T18:03:22.000
CVE-2025-20059,CRITICAL,False,false,2025-02-20T18:03:28.000
CVE-2025-0161,HIGH,False,false,2025-02-20T18:03:33.000
CVE-2025-27096,CRITICAL,True,false,2025-02-21T00:07:48.000
CVE-2025-1265,CRITICAL,False,false,2025-02-21T00:07:54.000
CVE-2025-24893,CRITICAL,False,false,2025-02-21T00:07:59.000
CVE-2025-27088,HIGH,False,false,2025-02-21T00:08:05.000
CVE-2024-11260,HIGH,False,false,2025-02-21T12:03:22.000
CVE-2024-13353,HIGH,False,false,2025-02-21T12:03:27.000
CVE-2025-26794,HIGH,False,false,2025-02-21T18:02:32.000
CVE-2025-27106,HIGH,False,false,2025-02-22T00:07:29.000
CVE-2025-27108,HIGH,False,false,2025-02-22T00:07:34.000
CVE-2025-27109,HIGH,False,false,2025-02-22T00:07:40.000
CVE-2025-1509,HIGH,False,false,2025-02-22T06:02:20.000
CVE-2025-1510,HIGH,False,false,2025-02-22T06:02:26.000
CVE-2024-13474,HIGH,False,false,2025-02-22T06:02:31.000
CVE-2025-0918,HIGH,False,false,2025-02-22T18:02:07.000
CVE-2025-0953,HIGH,False,false,2025-02-22T18:02:13.000
CVE-2025-0957,HIGH,False,false,2025-02-22T18:02:18.000
CVE-2025-26756,HIGH,False,false,2025-02-22T18:02:24.000
CVE-2025-26757,HIGH,False,false,2025-02-22T18:02:29.000
CVE-2025-26760,HIGH,False,false,2025-02-22T18:02:34.000
CVE-2025-26774,HIGH,False,false,2025-02-22T18:02:40.000
CVE-2025-22631,HIGH,False,false,2025-02-24T00:08:01.000
CVE-2025-22632,HIGH,False,false,2025-02-24T00:08:07.000
CVE-2025-22635,HIGH,False,false,2025-02-24T00:08:12.000
CVE-2025-20051,CRITICAL,False,false,2025-02-24T12:03:34.000
CVE-2025-24490,CRITICAL,False,false,2025-02-24T12:03:40.000
CVE-2025-25279,CRITICAL,False,false,2025-02-24T12:03:45.000
CVE-2024-12916,HIGH,False,false,2025-02-24T18:02:37.000
CVE-2024-12917,HIGH,False,false,2025-02-24T18:02:43.000
CVE-2024-12918,HIGH,False,false,2025-02-24T18:02:48.000
CVE-2025-27272,HIGH,False,false,2025-02-24T18:02:54.000
CVE-2025-27296,HIGH,False,false,2025-02-24T18:02:59.000
CVE-2025-27297,HIGH,False,false,2025-02-24T18:03:04.000
CVE-2025-27312,HIGH,False,false,2025-02-24T18:03:10.000
CVE-2025-27352,HIGH,False,false,2025-02-24T18:03:15.000
CVE-2025-26200,HIGH,True,false,2025-02-24T18:03:21.000
CVE-2024-54820,CRITICAL,False,false,2025-02-25T06:02:38.000
CVE-2025-27133,CRITICAL,True,false,2025-02-25T06:02:44.000
CVE-2025-27364,CRITICAL,False,false,2025-02-25T06:02:50.000
CVE-2025-26525,HIGH,False,false,2025-02-25T06:02:55.000
CVE-2025-26529,HIGH,False,false,2025-02-25T06:03:01.000
CVE-2025-26530,HIGH,False,false,2025-02-25T06:03:06.000
CVE-2025-26533,HIGH,False,false,2025-02-25T06:03:12.000
CVE-2025-27140,CRITICAL,True,false,2025-02-25T06:03:17.000
CVE-2025-1648,HIGH,True,false,2025-02-25T12:03:47.000
CVE-2024-53544,CRITICAL,False,false,2025-02-25T18:02:42.000
CVE-2025-22974,CRITICAL,True,false,2025-02-25T18:02:48.000
CVE-2025-26751,HIGH,False,false,2025-02-25T18:02:53.000
CVE-2025-26752,HIGH,False,false,2025-02-25T18:02:59.000
CVE-2025-26753,HIGH,False,false,2025-02-25T18:03:05.000
CVE-2025-26868,HIGH,False,false,2025-02-25T18:03:10.000
CVE-2025-26905,HIGH,False,false,2025-02-25T18:03:16.000
CVE-2025-26907,HIGH,False,false,2025-02-25T18:03:21.000
CVE-2025-26915,HIGH,False,false,2025-02-25T18:03:27.000
CVE-2025-26932,HIGH,False,false,2025-02-25T18:03:32.000
CVE-2025-26935,HIGH,False,false,2025-02-25T18:03:38.000
CVE-2025-26943,CRITICAL,False,false,2025-02-25T18:03:43.000
CVE-2025-26946,HIGH,False,false,2025-02-25T18:03:49.000
CVE-2025-26957,HIGH,False,false,2025-02-25T18:03:54.000
CVE-2025-26964,HIGH,False,false,2025-02-25T18:04:00.000
CVE-2025-26971,HIGH,False,false,2025-02-25T18:04:05.000
CVE-2025-26974,CRITICAL,False,false,2025-02-25T18:04:11.000
CVE-2025-26979,HIGH,False,false,2025-02-25T18:04:16.000
CVE-2025-26981,HIGH,False,false,2025-02-25T18:04:22.000
CVE-2025-26985,HIGH,False,false,2025-02-25T18:04:27.000
CVE-2025-26987,HIGH,False,false,2025-02-25T18:04:33.000
CVE-2025-26991,HIGH,False,false,2025-02-25T18:04:39.000
CVE-2025-26993,HIGH,False,false,2025-02-25T18:04:44.000
CVE-2025-22210,HIGH,False,false,2025-02-26T06:02:49.000
CVE-2025-27135,HIGH,False,false,2025-02-26T06:02:54.000
CVE-2025-25515,HIGH,True,false,2025-02-26T18:02:35.000
CVE-2025-25516,CRITICAL,True,false,2025-02-26T18:02:40.000
CVE-2025-25517,CRITICAL,True,false,2025-02-26T18:02:46.000
CVE-2025-25519,CRITICAL,True,false,2025-02-26T18:02:51.000
CVE-2025-25520,CRITICAL,True,false,2025-02-26T18:02:57.000
CVE-2025-25521,CRITICAL,True,false,2025-02-26T18:03:02.000
CVE-2024-47051,CRITICAL,False,false,2025-02-26T18:03:07.000
CVE-2025-1282,HIGH,False,false,2025-02-27T12:03:24.000
CVE-2025-1751,CRITICAL,False,false,2025-02-27T18:02:30.000
CVE-2025-22280,HIGH,False,false,2025-02-27T18:02:36.000
CVE-2024-13148,CRITICAL,False,false,2025-02-27T18:02:41.000
CVE-2025-23687,HIGH,False,false,2025-02-27T18:02:46.000
CVE-2024-12811,HIGH,False,false,2025-02-28T06:02:30.000
CVE-2025-1682,HIGH,False,false,2025-02-28T06:02:35.000
CVE-2025-1513,HIGH,False,false,2025-02-28T12:03:02.000
CVE-2024-9193,CRITICAL,False,false,2025-02-28T12:03:08.000
CVE-2024-9195,HIGH,False,false,2025-02-28T12:03:13.000
CVE-2024-41334,CRITICAL,False,false,2025-02-28T18:02:29.000
CVE-2024-41339,CRITICAL,False,false,2025-02-28T18:02:35.000
CVE-2025-22270,HIGH,False,false,2025-02-28T18:02:41.000
CVE-2025-20049,HIGH,False,false,2025-02-28T18:02:46.000
CVE-2025-20060,HIGH,False,false,2025-02-28T18:02:52.000
CVE-2025-27554,CRITICAL,False,false,2025-03-01T12:02:30.000
CVE-2024-12544,HIGH,False,false,2025-03-01T12:02:35.000
CVE-2024-13910,HIGH,False,false,2025-03-01T12:02:41.000
CVE-2025-27590,CRITICAL,False,false,2025-03-03T06:02:34.000
CVE-2025-24654,HIGH,False,false,2025-03-03T12:03:07.000
CVE-2025-0475,HIGH,False,false,2025-03-03T12:03:12.000
CVE-2025-1869,CRITICAL,False,false,2025-03-03T18:02:28.000
CVE-2025-1870,CRITICAL,False,false,2025-03-03T18:02:34.000
CVE-2025-1871,CRITICAL,False,false,2025-03-03T18:02:39.000
CVE-2025-1872,CRITICAL,False,false,2025-03-03T18:02:45.000
CVE-2025-1873,CRITICAL,False,false,2025-03-03T18:02:50.000
CVE-2025-1874,CRITICAL,False,false,2025-03-03T18:02:56.000
CVE-2025-1875,CRITICAL,False,false,2025-03-03T18:03:01.000
CVE-2025-23425,HIGH,False,false,2025-03-03T18:03:06.000
CVE-2025-23433,HIGH,False,false,2025-03-03T18:03:12.000
CVE-2025-23437,HIGH,False,false,2025-03-03T18:03:17.000
CVE-2025-23439,HIGH,False,false,2025-03-03T18:03:23.000
CVE-2025-23441,HIGH,False,false,2025-03-03T18:03:28.000
CVE-2025-23447,HIGH,False,false,2025-03-03T18:03:33.000
CVE-2025-23450,HIGH,False,false,2025-03-03T18:03:39.000
CVE-2025-23451,HIGH,False,false,2025-03-03T18:03:44.000
CVE-2025-23464,HIGH,False,false,2025-03-03T18:03:50.000
CVE-2025-23465,HIGH,False,false,2025-03-03T18:03:55.000
CVE-2025-23468,HIGH,False,false,2025-03-03T18:04:00.000
CVE-2025-23472,HIGH,False,false,2025-03-03T18:04:06.000
CVE-2025-23473,HIGH,False,false,2025-03-03T18:04:11.000
CVE-2025-23478,HIGH,False,false,2025-03-03T18:04:16.000
CVE-2025-23479,HIGH,False,false,2025-03-03T18:04:22.000
CVE-2025-23481,HIGH,False,false,2025-03-03T18:04:27.000
CVE-2025-23482,HIGH,False,false,2025-03-03T18:04:33.000
CVE-2025-23484,HIGH,False,false,2025-03-03T18:04:38.000
CVE-2025-23485,HIGH,False,false,2025-03-03T18:04:43.000
CVE-2025-23487,HIGH,False,false,2025-03-03T18:04:49.000
CVE-2025-23488,HIGH,False,false,2025-03-03T18:04:54.000
CVE-2025-23490,HIGH,False,false,2025-03-03T18:05:00.000
CVE-2025-23493,HIGH,False,false,2025-03-03T18:05:05.000
CVE-2025-23494,HIGH,False,false,2025-03-03T18:05:10.000
CVE-2025-23496,HIGH,False,false,2025-03-03T18:05:16.000
CVE-2025-23505,HIGH,False,false,2025-03-03T18:05:21.000
CVE-2025-23516,HIGH,False,false,2025-03-03T18:05:27.000
CVE-2025-23517,HIGH,False,false,2025-03-03T18:05:32.000
CVE-2025-23518,HIGH,False,false,2025-03-03T18:05:37.000
CVE-2025-23519,HIGH,False,false,2025-03-03T18:05:43.000
CVE-2025-23520,HIGH,False,false,2025-03-03T18:05:49.000
CVE-2025-23521,HIGH,False,false,2025-03-03T18:05:54.000
CVE-2025-23524,HIGH,False,false,2025-03-03T18:06:00.000
CVE-2025-23526,HIGH,False,false,2025-03-03T18:06:05.000
CVE-2025-23536,HIGH,False,false,2025-03-03T18:06:10.000
CVE-2025-23538,HIGH,False,false,2025-03-03T18:06:16.000
CVE-2025-23539,HIGH,False,false,2025-03-03T18:06:21.000
CVE-2025-23549,HIGH,False,false,2025-03-03T18:06:27.000
CVE-2025-23552,HIGH,False,false,2025-03-03T18:06:32.000
CVE-2025-23553,HIGH,False,false,2025-03-03T18:06:38.000
CVE-2025-23555,HIGH,False,false,2025-03-03T18:06:43.000
CVE-2025-23556,HIGH,False,false,2025-03-03T18:06:49.000
CVE-2025-23563,HIGH,False,false,2025-03-03T18:06:54.000
CVE-2025-23564,HIGH,False,false,2025-03-03T18:07:00.000
CVE-2025-23565,HIGH,False,false,2025-03-03T18:07:05.000
CVE-2025-23570,HIGH,False,false,2025-03-03T18:07:11.000
CVE-2025-23575,HIGH,False,false,2025-03-03T18:07:16.000
CVE-2025-23576,HIGH,False,false,2025-03-03T18:07:21.000
CVE-2025-23584,HIGH,False,false,2025-03-03T18:07:27.000
CVE-2025-23585,HIGH,False,false,2025-03-03T18:07:32.000
CVE-2025-23586,HIGH,False,false,2025-03-03T18:07:38.000
CVE-2025-23587,HIGH,False,false,2025-03-03T18:07:43.000
CVE-2025-23595,HIGH,False,false,2025-03-03T18:07:48.000
CVE-2025-23600,HIGH,False,false,2025-03-03T18:07:54.000
CVE-2025-23616,HIGH,False,false,2025-03-03T18:07:59.000
CVE-2025-23619,HIGH,False,false,2025-03-03T18:08:05.000
CVE-2025-23635,HIGH,False,false,2025-03-03T18:08:10.000
CVE-2025-23637,HIGH,False,false,2025-03-03T18:08:16.000
CVE-2025-23663,HIGH,False,false,2025-03-03T18:08:21.000
CVE-2025-23668,HIGH,False,false,2025-03-03T18:08:26.000
CVE-2025-23670,HIGH,False,false,2025-03-03T18:08:32.000
CVE-2025-23688,HIGH,False,false,2025-03-03T18:08:37.000
CVE-2025-23716,HIGH,False,false,2025-03-03T18:08:43.000
CVE-2025-23718,HIGH,False,false,2025-03-03T18:08:48.000
CVE-2025-23721,HIGH,False,false,2025-03-03T18:08:53.000
CVE-2025-23726,HIGH,False,false,2025-03-03T18:08:59.000
CVE-2025-23731,HIGH,False,false,2025-03-03T18:09:04.000
CVE-2025-23736,HIGH,False,false,2025-03-03T18:09:09.000
CVE-2025-23738,HIGH,False,false,2025-03-03T18:09:15.000
CVE-2025-23739,HIGH,False,false,2025-03-03T18:09:20.000
CVE-2025-23740,HIGH,False,false,2025-03-03T18:09:26.000
CVE-2025-23741,HIGH,False,false,2025-03-03T18:09:31.000
CVE-2025-23753,HIGH,False,false,2025-03-03T18:09:36.000
CVE-2025-23762,HIGH,False,false,2025-03-03T18:09:42.000
CVE-2025-23813,HIGH,False,false,2025-03-03T18:09:47.000
CVE-2025-23814,HIGH,False,false,2025-03-03T18:09:53.000
CVE-2025-23843,HIGH,False,false,2025-03-03T18:09:58.000
CVE-2025-23847,HIGH,False,false,2025-03-03T18:10:03.000
CVE-2025-23850,HIGH,False,false,2025-03-03T18:10:09.000
CVE-2025-23852,HIGH,False,false,2025-03-03T18:10:14.000
CVE-2025-23879,HIGH,False,false,2025-03-03T18:10:20.000
CVE-2025-23881,HIGH,False,false,2025-03-03T18:10:25.000
CVE-2025-23883,HIGH,False,false,2025-03-03T18:10:30.000
CVE-2025-23903,HIGH,False,false,2025-03-03T18:10:36.000
CVE-2025-23904,HIGH,False,false,2025-03-03T18:10:41.000
CVE-2025-23945,HIGH,False,false,2025-03-03T18:10:47.000
CVE-2025-23956,HIGH,False,false,2025-03-03T18:10:52.000
CVE-2025-24694,HIGH,False,false,2025-03-03T18:10:57.000
CVE-2025-24758,HIGH,False,false,2025-03-03T18:11:03.000
CVE-2025-25070,HIGH,False,false,2025-03-03T18:11:08.000
CVE-2025-25083,HIGH,False,false,2025-03-03T18:11:13.000
CVE-2025-25087,HIGH,False,false,2025-03-03T18:11:19.000
CVE-2025-25089,HIGH,False,false,2025-03-03T18:11:25.000
CVE-2025-25090,HIGH,False,false,2025-03-03T18:11:30.000
CVE-2025-25092,HIGH,False,false,2025-03-03T18:11:35.000
CVE-2025-25099,HIGH,False,false,2025-03-03T18:11:41.000
CVE-2025-25102,HIGH,False,false,2025-03-03T18:11:46.000
CVE-2025-25108,HIGH,False,false,2025-03-03T18:11:52.000
CVE-2025-25109,HIGH,False,false,2025-03-03T18:11:57.000
CVE-2025-25112,HIGH,False,false,2025-03-03T18:12:03.000
CVE-2025-25113,HIGH,False,false,2025-03-03T18:12:08.000
CVE-2025-25114,HIGH,False,false,2025-03-03T18:12:14.000
CVE-2025-25118,HIGH,False,false,2025-03-03T18:12:19.000
CVE-2025-25119,HIGH,False,false,2025-03-03T18:12:25.000
CVE-2025-25121,HIGH,False,false,2025-03-03T18:12:30.000
CVE-2025-25122,HIGH,False,false,2025-03-03T18:12:35.000
CVE-2025-25124,HIGH,False,false,2025-03-03T18:12:41.000
CVE-2025-25127,HIGH,False,false,2025-03-03T18:12:46.000
CVE-2025-25129,HIGH,False,false,2025-03-03T18:12:52.000
CVE-2025-25130,HIGH,False,false,2025-03-03T18:12:57.000
CVE-2025-25132,HIGH,False,false,2025-03-03T18:13:03.000
CVE-2025-25133,HIGH,False,false,2025-03-03T18:13:08.000
CVE-2025-25142,HIGH,False,false,2025-03-03T18:13:13.000
CVE-2025-25150,CRITICAL,False,false,2025-03-03T18:13:19.000
CVE-2025-25157,HIGH,False,false,2025-03-03T18:13:24.000
CVE-2025-25158,HIGH,False,false,2025-03-03T18:13:30.000
CVE-2025-25161,HIGH,False,false,2025-03-03T18:13:35.000
CVE-2025-25162,HIGH,False,false,2025-03-03T18:13:40.000
CVE-2025-25164,HIGH,False,false,2025-03-03T18:13:46.000
CVE-2025-25165,HIGH,False,false,2025-03-03T18:13:51.000
CVE-2025-25169,HIGH,False,false,2025-03-03T18:13:57.000
CVE-2025-25170,HIGH,False,false,2025-03-03T18:14:02.000
CVE-2025-26534,HIGH,False,false,2025-03-03T18:14:08.000
CVE-2025-26535,CRITICAL,False,false,2025-03-03T18:14:13.000
CVE-2025-26540,HIGH,False,false,2025-03-03T18:14:19.000
CVE-2025-26557,HIGH,False,false,2025-03-03T18:14:24.000
CVE-2025-26563,HIGH,False,false,2025-03-03T18:14:29.000
CVE-2025-26585,HIGH,False,false,2025-03-03T18:14:35.000
CVE-2025-26586,HIGH,False,false,2025-03-03T18:14:40.000
CVE-2025-26587,HIGH,False,false,2025-03-03T18:14:46.000
CVE-2025-26588,HIGH,False,false,2025-03-03T18:14:51.000
CVE-2025-26589,HIGH,False,false,2025-03-03T18:14:56.000
CVE-2025-26879,HIGH,False,false,2025-03-03T18:15:02.000
CVE-2025-26914,HIGH,False,false,2025-03-03T18:15:07.000
CVE-2025-26917,HIGH,False,false,2025-03-03T18:15:13.000
CVE-2025-26918,HIGH,False,false,2025-03-03T18:15:18.000
CVE-2025-26970,CRITICAL,False,false,2025-03-03T18:15:23.000
CVE-2025-26984,HIGH,False,false,2025-03-03T18:15:29.000
CVE-2025-26988,CRITICAL,False,false,2025-03-03T18:15:34.000
CVE-2025-26989,HIGH,False,false,2025-03-03T18:15:40.000
CVE-2025-26994,HIGH,False,false,2025-03-03T18:15:45.000
CVE-2025-27263,HIGH,False,false,2025-03-03T18:15:50.000
CVE-2025-27264,HIGH,False,false,2025-03-03T18:15:56.000
CVE-2025-27268,CRITICAL,False,false,2025-03-03T18:16:01.000
CVE-2025-27269,HIGH,False,false,2025-03-03T18:16:07.000
CVE-2025-27270,CRITICAL,False,false,2025-03-03T18:16:12.000
CVE-2025-27271,HIGH,False,false,2025-03-03T18:16:17.000
CVE-2025-27275,HIGH,False,false,2025-03-03T18:16:23.000
CVE-2025-27278,HIGH,False,false,2025-03-03T18:16:28.000
CVE-2025-27279,HIGH,False,false,2025-03-03T18:16:34.000
CVE-2025-0555,HIGH,False,false,2025-03-03T18:16:39.000
CVE-2025-27423,HIGH,False,false,2025-03-03T18:16:45.000
CVE-2025-27500,HIGH,False,false,2025-03-04T00:07:22.000
CVE-2025-27501,HIGH,False,false,2025-03-04T00:07:28.000
CVE-2024-51962,HIGH,False,false,2025-03-04T00:07:33.000
CVE-2025-1639,HIGH,False,false,2025-03-04T06:02:36.000
CVE-2025-1307,CRITICAL,False,false,2025-03-04T06:02:42.000
CVE-2025-0359,HIGH,False,false,2025-03-04T12:03:03.000
CVE-2025-0360,HIGH,False,false,2025-03-04T12:03:08.000
CVE-2024-9149,HIGH,False,false,2025-03-04T18:02:42.000
CVE-2024-50704,CRITICAL,False,false,2025-03-04T18:02:47.000
CVE-2024-50707,CRITICAL,False,false,2025-03-04T18:02:53.000
CVE-2024-50706,CRITICAL,False,false,2025-03-05T00:07:08.000
CVE-2025-1316,CRITICAL,False,false,2025-03-05T06:02:34.000
CVE-2025-23410,CRITICAL,False,false,2025-03-05T06:02:40.000
CVE-2024-13232,HIGH,False,false,2025-03-05T12:03:21.000
CVE-2025-26136,CRITICAL,False,false,2025-03-05T18:02:30.000
CVE-2025-25426,HIGH,False,false,2025-03-05T18:02:36.000
CVE-2025-1915,HIGH,False,false,2025-03-05T18:02:41.000
CVE-2025-27640,CRITICAL,False,false,2025-03-05T18:02:47.000
CVE-2025-27655,CRITICAL,False,false,2025-03-05T18:02:52.000
CVE-2025-27657,CRITICAL,False,false,2025-03-05T18:02:58.000
CVE-2025-27659,CRITICAL,False,false,2025-03-05T18:03:03.000
CVE-2025-27678,CRITICAL,False,false,2025-03-05T18:03:09.000
CVE-2024-13471,HIGH,False,false,2025-03-05T18:03:15.000
CVE-2025-1702,HIGH,False,false,2025-03-05T18:03:20.000
CVE-2024-11216,HIGH,False,false,2025-03-05T18:03:26.000
CVE-2024-12097,CRITICAL,False,false,2025-03-05T18:03:31.000
CVE-2024-13147,CRITICAL,False,false,2025-03-05T18:03:37.000
CVE-2025-24494,HIGH,False,false,2025-03-05T18:03:42.000
CVE-2025-27645,CRITICAL,False,false,2025-03-06T00:07:22.000
CVE-2025-27651,CRITICAL,False,false,2025-03-06T00:07:27.000
CVE-2025-27652,CRITICAL,False,false,2025-03-06T00:07:33.000
CVE-2025-27666,CRITICAL,False,false,2025-03-06T00:07:38.000
CVE-2025-2003,HIGH,False,false,2025-03-06T00:07:44.000
CVE-2025-25362,CRITICAL,False,false,2025-03-06T18:02:37.000
CVE-2025-25632,CRITICAL,False,false,2025-03-06T18:02:43.000
CVE-2024-12144,CRITICAL,False,false,2025-03-06T18:02:48.000
CVE-2024-42844,HIGH,False,false,2025-03-06T18:02:53.000
CVE-2024-13320,HIGH,False,false,2025-03-07T12:03:02.000
CVE-2024-13655,HIGH,False,false,2025-03-07T12:03:07.000
CVE-2025-1309,HIGH,False,false,2025-03-07T12:03:12.000
CVE-2025-26331,HIGH,False,false,2025-03-07T12:03:18.000
CVE-2024-10804,HIGH,False,false,2025-03-07T12:03:23.000
CVE-2024-12035,HIGH,False,false,2025-03-07T12:03:29.000
CVE-2024-12876,CRITICAL,False,false,2025-03-07T12:03:34.000
CVE-2025-0959,HIGH,False,false,2025-03-07T12:03:39.000
CVE-2025-27152,HIGH,False,false,2025-03-07T18:02:32.000
CVE-2025-27519,CRITICAL,False,false,2025-03-07T18:02:38.000
CVE-2025-27603,CRITICAL,False,false,2025-03-07T18:02:43.000
CVE-2024-50390,HIGH,False,false,2025-03-07T18:02:49.000
CVE-2024-53693,HIGH,False,false,2025-03-07T18:02:54.000
CVE-2025-27822,HIGH,False,false,2025-03-08T00:05:54.000
CVE-2024-13890,HIGH,False,false,2025-03-08T06:02:38.000
CVE-2025-1323,HIGH,False,false,2025-03-08T12:02:30.000
CVE-2024-13918,HIGH,True,false,2025-03-10T12:03:14.000
CVE-2024-13919,HIGH,True,false,2025-03-10T12:03:25.000
CVE-2025-1497,CRITICAL,False,false,2025-03-10T18:02:28.000
CVE-2025-26916,CRITICAL,False,false,2025-03-10T18:02:34.000
CVE-2025-26933,HIGH,False,false,2025-03-10T18:02:39.000
CVE-2025-26936,CRITICAL,False,false,2025-03-10T18:02:44.000
CVE-2025-22603,HIGH,False,false,2025-03-11T00:07:34.000
CVE-2025-27610,HIGH,False,false,2025-03-11T00:07:39.000
CVE-2025-26661,HIGH,False,false,2025-03-11T06:02:34.000
CVE-2025-27434,HIGH,False,false,2025-03-11T06:02:39.000
CVE-2025-1661,CRITICAL,False,false,2025-03-11T06:02:45.000
CVE-2025-2169,HIGH,False,false,2025-03-11T06:02:50.000
CVE-2025-1550,HIGH,False,false,2025-03-11T12:03:18.000
CVE-2025-25266,HIGH,False,false,2025-03-11T12:03:24.000
CVE-2025-27392,HIGH,False,false,2025-03-11T12:03:29.000
CVE-2025-27393,HIGH,False,false,2025-03-11T12:03:35.000
CVE-2025-27394,HIGH,False,false,2025-03-11T12:03:40.000
CVE-2025-27395,HIGH,False,false,2025-03-11T12:03:45.000
CVE-2023-37933,HIGH,False,false,2025-03-11T18:02:30.000
CVE-2024-45328,HIGH,False,false,2025-03-11T18:02:36.000
CVE-2024-52961,HIGH,False,false,2025-03-11T18:02:42.000
CVE-2024-54018,HIGH,False,false,2025-03-11T18:02:47.000
CVE-2024-55590,HIGH,False,false,2025-03-11T18:02:53.000
CVE-2025-24049,HIGH,False,false,2025-03-11T18:02:59.000
CVE-2025-26645,HIGH,False,false,2025-03-11T18:03:04.000
CVE-2025-23360,HIGH,False,false,2025-03-12T00:07:35.000
CVE-2025-28895,HIGH,False,false,2025-03-12T00:07:40.000
CVE-2025-28905,HIGH,False,false,2025-03-12T00:07:46.000
CVE-2025-1707,HIGH,False,false,2025-03-12T00:07:51.000
CVE-2025-27101,HIGH,False,false,2025-03-12T00:07:57.000
CVE-2025-20138,HIGH,False,false,2025-03-12T18:02:38.000
CVE-2025-27407,CRITICAL,False,false,2025-03-13T00:07:53.000
CVE-2025-22954,CRITICAL,False,false,2025-03-13T06:02:33.000
CVE-2025-2106,HIGH,False,false,2025-03-13T06:02:38.000
CVE-2025-2107,HIGH,False,false,2025-03-13T06:02:44.000
CVE-2025-1561,HIGH,False,false,2025-03-13T06:02:49.000
CVE-2025-1119,HIGH,False,false,2025-03-13T12:02:54.000
CVE-2025-29997,HIGH,False,false,2025-03-13T18:03:29.000
CVE-2025-24974,HIGH,True,false,2025-03-13T18:03:35.000
CVE-2025-27103,HIGH,True,false,2025-03-13T18:03:40.000
CVE-2025-2264,HIGH,False,false,2025-03-13T18:03:45.000
CVE-2025-2056,HIGH,False,false,2025-03-14T06:02:30.000
CVE-2025-0952,HIGH,False,false,2025-03-14T12:03:03.000
CVE-2025-2103,HIGH,False,false,2025-03-14T12:03:09.000
CVE-2025-2221,HIGH,False,false,2025-03-14T12:03:14.000
CVE-2024-13321,HIGH,False,false,2025-03-14T12:03:20.000
CVE-2024-26006,HIGH,False,false,2025-03-14T12:03:25.000
CVE-2024-12810,HIGH,False,false,2025-03-14T18:02:25.000
CVE-2024-46662,HIGH,False,false,2025-03-14T18:02:31.000
CVE-2024-12019,HIGH,False,false,2025-03-15T00:07:19.000
CVE-2024-12245,HIGH,False,false,2025-03-15T00:07:24.000
CVE-2024-54445,HIGH,False,false,2025-03-15T00:07:30.000
CVE-2024-54446,HIGH,False,false,2025-03-15T00:07:36.000
CVE-2024-54447,HIGH,False,false,2025-03-15T00:07:41.000
CVE-2024-54448,HIGH,False,false,2025-03-15T00:07:47.000
CVE-2024-54449,HIGH,False,false,2025-03-15T00:07:52.000
CVE-2025-1657,HIGH,False,false,2025-03-15T06:02:21.000
CVE-2024-13497,HIGH,False,false,2025-03-15T06:02:27.000
CVE-2025-1771,CRITICAL,False,false,2025-03-15T06:02:32.000
CVE-2025-2325,HIGH,False,false,2025-03-15T12:02:31.000
CVE-2025-23744,HIGH,False,false,2025-03-16T00:08:10.000
CVE-2025-26548,HIGH,False,false,2025-03-16T00:08:16.000
CVE-2025-26553,HIGH,False,false,2025-03-16T00:08:21.000
CVE-2025-26554,HIGH,False,false,2025-03-16T00:08:27.000
CVE-2025-26555,HIGH,False,false,2025-03-16T00:08:32.000
CVE-2025-26556,HIGH,False,false,2025-03-16T00:08:37.000
CVE-2025-26875,CRITICAL,False,false,2025-03-16T00:08:43.000
CVE-2025-26886,HIGH,False,false,2025-03-16T00:08:48.000
CVE-2025-26961,HIGH,False,false,2025-03-16T00:08:54.000
CVE-2025-26969,HIGH,False,false,2025-03-16T00:08:59.000
CVE-2025-26972,HIGH,False,false,2025-03-16T00:09:04.000
CVE-2025-26976,HIGH,False,false,2025-03-16T00:09:10.000
CVE-2025-26978,HIGH,False,false,2025-03-16T00:09:15.000
CVE-2025-27281,HIGH,False,false,2025-03-16T00:09:21.000
CVE-2025-30076,HIGH,False,false,2025-03-16T06:02:14.000
CVE-2024-12971,HIGH,False,false,2025-03-17T12:03:12.000
CVE-2024-12992,HIGH,False,false,2025-03-17T12:03:17.000
CVE-2025-2199,CRITICAL,False,false,2025-03-17T12:03:23.000
CVE-2025-2200,CRITICAL,False,false,2025-03-17T12:03:28.000
CVE-2025-0595,HIGH,False,false,2025-03-17T18:02:39.000
CVE-2025-0596,HIGH,False,false,2025-03-17T18:02:45.000
CVE-2025-0598,HIGH,False,false,2025-03-17T18:02:51.000
CVE-2025-0599,HIGH,False,false,2025-03-17T18:02:56.000
CVE-2025-0600,HIGH,False,false,2025-03-17T18:03:02.000
CVE-2025-0601,HIGH,False,false,2025-03-17T18:03:07.000
CVE-2025-0826,HIGH,False,false,2025-03-17T18:03:13.000
CVE-2025-0827,HIGH,False,false,2025-03-17T18:03:18.000
CVE-2025-0828,HIGH,False,false,2025-03-17T18:03:24.000
CVE-2025-0829,HIGH,False,false,2025-03-17T18:03:30.000
CVE-2025-0830,HIGH,False,false,2025-03-17T18:03:35.000
CVE-2025-0832,HIGH,False,false,2025-03-17T18:03:41.000
CVE-2025-0833,HIGH,False,false,2025-03-17T18:03:46.000
CVE-2025-29787,HIGH,False,false,2025-03-17T18:03:52.000
CVE-2024-48830,HIGH,False,false,2025-03-17T18:03:58.000
CVE-2025-25612,HIGH,False,false,2025-03-18T00:07:40.000
CVE-2025-22472,HIGH,False,false,2025-03-18T00:07:45.000
CVE-2025-22473,HIGH,False,false,2025-03-18T00:07:51.000
CVE-2025-2262,HIGH,False,false,2025-03-18T12:03:14.000
CVE-2025-25914,CRITICAL,False,false,2025-03-18T18:02:44.000
CVE-2025-2493,HIGH,False,false,2025-03-18T18:02:49.000
CVE-2024-21760,HIGH,False,false,2025-03-18T18:02:55.000
CVE-2024-8997,CRITICAL,False,false,2025-03-18T18:03:00.000
CVE-2025-21619,HIGH,False,false,2025-03-19T00:07:39.000
CVE-2025-24799,HIGH,False,false,2025-03-19T00:07:45.000
CVE-2024-12563,HIGH,False,false,2025-03-19T00:07:50.000
CVE-2024-12922,CRITICAL,False,false,2025-03-19T12:03:14.000
CVE-2024-50631,HIGH,False,false,2025-03-19T12:03:20.000
CVE-2024-13412,HIGH,False,false,2025-03-19T12:03:25.000
CVE-2024-13790,CRITICAL,False,false,2025-03-19T12:03:31.000
CVE-2024-12920,HIGH,False,false,2025-03-19T18:02:52.000
CVE-2024-55551,CRITICAL,False,false,2025-03-25T18:07:12.000
CVE-2025-27774,HIGH,False,false,2025-03-20T00:07:32.000
CVE-2025-27775,HIGH,False,false,2025-03-20T00:07:37.000
CVE-2025-27776,HIGH,False,false,2025-03-20T00:07:43.000
CVE-2025-27777,HIGH,False,false,2025-03-20T00:07:48.000
CVE-2025-27782,HIGH,False,false,2025-03-20T00:07:53.000
CVE-2025-27783,HIGH,False,false,2025-03-20T00:07:59.000
CVE-2025-27785,HIGH,False,false,2025-03-20T00:08:04.000
CVE-2025-27786,HIGH,False,false,2025-03-20T00:08:09.000
CVE-2025-27787,HIGH,False,false,2025-03-20T00:08:15.000
CVE-2025-1770,HIGH,False,false,2025-03-20T12:03:16.000
CVE-2024-12016,CRITICAL,False,false,2025-03-20T12:03:22.000
CVE-2025-2505,CRITICAL,False,false,2025-03-20T12:03:27.000
CVE-2024-13923,HIGH,False,false,2025-03-20T18:02:38.000
CVE-2025-29980,CRITICAL,False,false,2025-03-21T00:07:40.000
CVE-2025-29807,HIGH,False,false,2025-03-21T06:02:25.000
CVE-2025-2585,HIGH,False,false,2025-03-21T06:02:31.000
CVE-2024-44305,HIGH,False,false,2025-03-21T18:02:22.000
CVE-2025-30349,HIGH,False,false,2025-03-21T18:02:27.000
CVE-2025-29230,HIGH,False,false,2025-03-22T00:07:03.000
CVE-2025-25035,HIGH,False,false,2025-03-22T00:07:09.000
CVE-2025-2609,HIGH,True,false,2025-03-22T00:07:14.000
CVE-2025-2610,HIGH,True,false,2025-03-22T00:07:19.000
CVE-2025-2303,HIGH,False,false,2025-03-22T12:02:58.000
CVE-2025-1970,HIGH,False,false,2025-03-22T18:02:11.000
CVE-2025-2186,HIGH,False,false,2025-03-22T18:02:16.000
CVE-2025-2691,HIGH,True,false,2025-03-23T18:02:21.000
CVE-2025-30523,HIGH,False,false,2025-03-24T18:02:36.000
CVE-2025-30525,HIGH,False,false,2025-03-24T18:02:41.000
CVE-2025-30569,HIGH,False,false,2025-03-24T18:02:47.000
CVE-2025-30570,HIGH,False,false,2025-03-24T18:02:52.000
CVE-2025-30571,HIGH,False,false,2025-03-24T18:02:57.000
CVE-2025-30590,HIGH,False,false,2025-03-24T18:03:03.000
CVE-2025-30602,HIGH,False,false,2025-03-24T18:03:08.000
CVE-2025-30604,HIGH,False,false,2025-03-24T18:03:14.000
CVE-2025-0255,HIGH,False,false,2025-03-24T18:03:19.000
CVE-2025-2749,HIGH,False,false,2025-03-25T00:07:47.000
CVE-2024-45480,CRITICAL,False,false,2025-03-25T06:02:37.000
CVE-2024-44903,HIGH,False,false,2025-03-25T12:03:09.000
CVE-2024-13690,HIGH,False,false,2025-03-25T12:03:15.000
CVE-2024-53679,HIGH,False,false,2025-03-25T12:03:20.000
CVE-2024-42533,CRITICAL,False,false,2025-03-25T18:02:30.000
CVE-2025-29635,HIGH,False,false,2025-03-25T18:02:36.000
CVE-2025-30091,CRITICAL,False,false,2025-03-25T18:02:41.000
CVE-2025-27147,HIGH,False,false,2025-03-25T18:02:47.000
CVE-2025-28904,CRITICAL,False,false,2025-03-26T00:11:01.000
CVE-2025-30567,HIGH,False,false,2025-03-26T00:11:07.000
CVE-2024-47516,CRITICAL,False,false,2025-03-26T12:04:19.000
CVE-2024-13801,HIGH,False,false,2025-03-26T12:04:24.000
CVE-2025-2009,HIGH,False,false,2025-03-26T12:04:29.000
CVE-2025-2257,HIGH,False,false,2025-03-26T12:04:35.000
CVE-2025-1542,CRITICAL,False,false,2025-03-26T12:04:40.000
CVE-2025-1912,HIGH,False,false,2025-03-27T00:11:01.000
CVE-2025-2110,HIGH,False,false,2025-03-27T00:11:07.000
CVE-2025-22283,HIGH,False,false,2025-03-27T00:11:12.000
CVE-2025-23459,HIGH,False,false,2025-03-27T00:11:18.000
CVE-2025-23460,HIGH,False,false,2025-03-27T00:11:23.000
CVE-2025-23466,HIGH,False,false,2025-03-27T00:11:29.000
CVE-2025-23542,HIGH,False,false,2025-03-27T00:11:34.000
CVE-2025-23543,HIGH,False,false,2025-03-27T00:11:39.000
CVE-2025-23546,HIGH,False,false,2025-03-27T00:11:45.000
CVE-2025-23612,HIGH,False,false,2025-03-27T00:11:50.000
CVE-2025-23632,HIGH,False,false,2025-03-27T00:11:56.000
CVE-2025-23633,HIGH,False,false,2025-03-27T00:12:01.000
CVE-2025-23638,HIGH,False,false,2025-03-27T00:12:07.000
CVE-2025-23666,HIGH,False,false,2025-03-27T00:12:12.000
CVE-2025-23680,HIGH,False,false,2025-03-27T00:12:17.000
CVE-2025-23704,HIGH,False,false,2025-03-27T00:12:23.000
CVE-2025-23714,HIGH,False,false,2025-03-27T00:12:28.000
CVE-2025-23728,HIGH,False,false,2025-03-27T00:12:34.000
CVE-2025-23735,HIGH,False,false,2025-03-27T00:12:39.000
CVE-2025-23937,HIGH,False,false,2025-03-27T00:12:45.000
CVE-2025-23952,HIGH,False,false,2025-03-27T00:12:50.000
CVE-2025-23964,HIGH,False,false,2025-03-27T00:12:56.000
CVE-2025-24690,HIGH,False,false,2025-03-27T00:13:01.000
CVE-2025-25134,HIGH,False,false,2025-03-27T00:13:06.000
CVE-2025-26536,HIGH,False,false,2025-03-27T00:13:12.000
CVE-2025-26541,HIGH,False,false,2025-03-27T00:13:17.000
CVE-2025-26542,HIGH,False,false,2025-03-27T00:13:23.000
CVE-2025-26544,HIGH,False,false,2025-03-27T00:13:28.000
CVE-2025-26546,HIGH,False,false,2025-03-27T00:13:34.000
CVE-2025-26560,HIGH,False,false,2025-03-27T00:13:39.000
CVE-2025-26564,HIGH,False,false,2025-03-27T00:13:44.000
CVE-2025-26565,HIGH,False,false,2025-03-27T00:13:50.000
CVE-2025-26566,HIGH,False,false,2025-03-27T00:13:55.000
CVE-2025-26573,HIGH,False,false,2025-03-27T00:14:01.000
CVE-2025-26575,HIGH,False,false,2025-03-27T00:14:06.000
CVE-2025-26576,HIGH,False,false,2025-03-27T00:14:12.000
CVE-2025-26579,HIGH,False,false,2025-03-27T00:14:17.000
CVE-2025-26581,HIGH,False,false,2025-03-27T00:14:22.000
CVE-2025-26583,HIGH,False,false,2025-03-27T00:14:28.000
CVE-2025-26584,HIGH,False,false,2025-03-27T00:14:33.000
CVE-2025-26941,CRITICAL,False,false,2025-03-27T00:14:39.000
CVE-2025-26986,HIGH,False,false,2025-03-27T00:14:44.000
CVE-2025-27014,HIGH,False,false,2025-03-27T00:14:50.000
CVE-2025-27015,HIGH,False,false,2025-03-27T00:14:55.000
CVE-2025-27267,HIGH,False,false,2025-03-27T00:15:00.000
CVE-2025-27404,HIGH,False,false,2025-03-27T00:15:06.000
CVE-2025-28855,HIGH,False,false,2025-03-27T00:15:11.000
CVE-2025-28858,HIGH,False,false,2025-03-27T00:15:17.000
CVE-2025-28865,HIGH,False,false,2025-03-27T00:15:22.000
CVE-2025-28869,HIGH,False,false,2025-03-27T00:15:28.000
CVE-2025-28873,HIGH,False,false,2025-03-27T00:15:33.000
CVE-2025-28877,HIGH,False,false,2025-03-27T00:15:39.000
CVE-2025-28880,HIGH,False,false,2025-03-27T00:15:44.000
CVE-2025-28882,HIGH,False,false,2025-03-27T00:15:49.000
CVE-2025-28889,HIGH,False,false,2025-03-27T00:15:55.000
CVE-2025-28890,HIGH,False,false,2025-03-27T00:16:00.000
CVE-2025-28893,CRITICAL,False,false,2025-03-27T00:16:06.000
CVE-2025-28898,CRITICAL,False,false,2025-03-27T00:16:11.000
CVE-2025-28899,HIGH,False,false,2025-03-27T00:16:17.000
CVE-2025-28903,HIGH,False,false,2025-03-27T00:16:22.000
CVE-2025-28911,HIGH,False,false,2025-03-27T00:16:28.000
CVE-2025-28916,CRITICAL,False,false,2025-03-27T00:16:33.000
CVE-2025-28917,HIGH,False,false,2025-03-27T00:16:39.000
CVE-2025-28921,HIGH,False,false,2025-03-27T00:16:44.000
CVE-2025-28924,HIGH,False,false,2025-03-27T00:16:49.000
CVE-2025-28928,HIGH,False,false,2025-03-27T00:16:55.000
CVE-2025-28934,HIGH,False,false,2025-03-27T00:17:00.000
CVE-2025-28935,HIGH,False,false,2025-03-27T00:17:06.000
CVE-2025-28939,HIGH,False,false,2025-03-27T00:17:11.000
CVE-2025-28942,CRITICAL,False,false,2025-03-27T00:17:16.000
CVE-2025-30524,CRITICAL,False,false,2025-03-27T00:17:22.000
CVE-2025-27405,HIGH,False,false,2025-03-27T00:17:27.000
CVE-2025-27406,HIGH,False,false,2025-03-27T00:17:33.000
CVE-2025-30765,HIGH,False,false,2025-03-27T12:04:27.000
CVE-2025-30772,HIGH,False,false,2025-03-27T12:04:33.000
CVE-2025-30775,HIGH,False,false,2025-03-27T12:04:38.000
CVE-2025-30784,HIGH,False,false,2025-03-27T12:04:44.000
CVE-2025-30785,HIGH,False,false,2025-03-27T12:04:50.000
CVE-2025-30791,HIGH,False,false,2025-03-27T12:04:55.000
CVE-2025-30806,HIGH,False,false,2025-03-27T12:05:01.000
CVE-2025-30810,HIGH,False,false,2025-03-27T12:05:06.000
CVE-2025-30814,HIGH,False,false,2025-03-27T12:05:12.000
CVE-2025-30819,HIGH,False,false,2025-03-27T12:05:17.000
CVE-2025-30820,HIGH,False,false,2025-03-27T12:05:23.000
CVE-2025-30829,HIGH,False,false,2025-03-27T12:05:29.000
CVE-2025-30831,HIGH,False,false,2025-03-27T12:05:34.000
CVE-2025-30843,HIGH,False,false,2025-03-27T12:05:40.000
CVE-2025-30845,HIGH,False,false,2025-03-27T12:05:45.000
CVE-2025-30846,HIGH,False,false,2025-03-27T12:05:51.000
CVE-2025-30868,HIGH,False,false,2025-03-27T12:05:57.000
CVE-2025-30871,HIGH,False,false,2025-03-27T12:06:02.000
CVE-2025-30879,HIGH,False,false,2025-03-27T12:06:08.000
CVE-2025-30890,HIGH,False,false,2025-03-27T12:06:14.000
CVE-2025-30891,HIGH,False,false,2025-03-27T12:06:19.000
CVE-2025-30895,HIGH,False,false,2025-03-27T12:06:25.000
CVE-2025-30921,HIGH,False,false,2025-03-27T12:06:30.000
CVE-2025-0811,HIGH,False,false,2025-03-28T00:11:04.000
CVE-2025-2242,HIGH,False,false,2025-03-28T00:11:10.000
CVE-2025-2255,HIGH,False,false,2025-03-28T00:11:15.000
CVE-2025-22652,HIGH,False,false,2025-03-28T00:11:20.000
CVE-2025-30067,HIGH,False,false,2025-03-28T00:11:26.000
CVE-2025-22628,HIGH,False,false,2025-03-28T00:11:31.000
CVE-2025-22783,HIGH,False,false,2025-03-28T00:11:36.000
CVE-2025-26909,CRITICAL,False,false,2025-03-28T00:11:42.000
CVE-2024-12905,HIGH,False,false,2025-03-28T00:11:47.000
CVE-2025-30364,CRITICAL,False,false,2025-03-28T00:11:53.000
CVE-2025-30365,CRITICAL,False,false,2025-03-28T00:11:58.000
CVE-2025-30367,CRITICAL,False,false,2025-03-28T00:12:03.000
CVE-2024-55073,HIGH,False,false,2025-03-28T00:12:08.000
CVE-2025-26733,HIGH,False,false,2025-03-28T00:12:14.000
CVE-2025-26874,HIGH,False,false,2025-03-28T00:12:19.000
CVE-2025-26890,HIGH,False,false,2025-03-28T00:12:25.000
CVE-2025-26898,CRITICAL,False,false,2025-03-28T00:12:30.000
CVE-2025-26956,HIGH,False,false,2025-03-28T00:12:35.000
CVE-2024-49563,HIGH,False,false,2025-03-28T12:04:14.000
CVE-2024-49564,HIGH,False,false,2025-03-28T12:04:20.000
CVE-2024-49565,HIGH,False,false,2025-03-28T12:04:25.000
CVE-2025-22398,CRITICAL,False,false,2025-03-28T12:04:31.000
CVE-2025-24382,HIGH,False,false,2025-03-28T12:04:36.000
CVE-2025-24383,CRITICAL,False,false,2025-03-28T12:04:42.000
CVE-2024-49601,HIGH,False,false,2025-03-28T12:04:48.000
CVE-2025-23383,HIGH,False,false,2025-03-28T12:04:53.000
CVE-2025-24377,HIGH,False,false,2025-03-28T12:04:59.000
CVE-2025-24378,HIGH,False,false,2025-03-28T12:05:04.000
CVE-2025-24379,HIGH,False,false,2025-03-28T12:05:10.000
CVE-2025-24380,HIGH,False,false,2025-03-28T12:05:16.000
CVE-2025-24385,HIGH,False,false,2025-03-28T12:05:21.000
CVE-2025-24386,HIGH,False,false,2025-03-28T12:05:27.000
CVE-2025-2294,CRITICAL,False,false,2025-03-28T12:05:32.000
CVE-2025-2328,HIGH,False,false,2025-03-28T12:05:38.000
CVE-2025-31099,HIGH,False,false,2025-03-28T12:05:44.000
CVE-2025-31102,HIGH,False,false,2025-03-28T12:05:49.000
CVE-2025-2815,HIGH,False,false,2025-03-29T00:10:38.000
CVE-2025-31432,HIGH,False,false,2025-03-29T00:10:43.000
CVE-2025-31466,HIGH,False,false,2025-03-29T00:10:49.000
CVE-2024-11504,HIGH,False,false,2025-03-29T00:10:54.000
CVE-2024-51624,HIGH,False,false,2025-03-29T00:10:59.000
CVE-2024-54291,HIGH,False,false,2025-03-29T00:11:05.000
CVE-2024-54362,HIGH,False,false,2025-03-29T00:11:10.000
CVE-2025-22356,HIGH,False,false,2025-03-29T00:11:15.000
CVE-2025-22360,HIGH,False,false,2025-03-29T00:11:21.000
CVE-2025-22501,HIGH,False,false,2025-03-29T00:11:26.000
CVE-2025-22523,CRITICAL,False,false,2025-03-29T00:11:31.000
CVE-2025-22566,HIGH,False,false,2025-03-29T00:11:37.000
CVE-2025-22575,HIGH,False,false,2025-03-29T00:11:42.000
CVE-2025-22767,HIGH,False,false,2025-03-29T00:11:47.000
CVE-2025-30372,HIGH,False,false,2025-03-29T00:11:53.000
CVE-2024-58130,HIGH,False,false,2025-03-29T00:11:58.000
CVE-2025-2266,CRITICAL,False,false,2025-03-29T12:03:57.000
CVE-2025-2803,HIGH,False,false,2025-03-29T12:04:03.000
CVE-2025-3011,CRITICAL,False,false,2025-03-31T12:04:18.000
CVE-2025-30835,HIGH,False,false,2025-03-31T12:04:24.000
CVE-2025-30855,HIGH,False,false,2025-03-31T12:04:29.000
CVE-2025-31016,HIGH,False,false,2025-03-31T12:04:35.000
CVE-2025-31387,HIGH,False,false,2025-03-31T12:04:40.000
CVE-2025-2071,CRITICAL,False,false,2025-03-31T12:04:46.000
CVE-2025-23995,HIGH,False,false,2025-03-31T12:04:52.000
CVE-2025-3021,HIGH,False,false,2025-03-31T12:04:57.000
CVE-2025-3022,CRITICAL,False,false,2025-04-01T00:12:33.000
CVE-2025-31526,HIGH,False,false,2025-04-01T00:12:39.000
CVE-2025-31542,HIGH,False,false,2025-04-01T00:12:44.000
CVE-2025-31547,HIGH,False,false,2025-04-01T00:12:50.000
CVE-2025-31615,HIGH,False,false,2025-04-01T00:12:55.000
CVE-2025-31625,HIGH,False,false,2025-04-01T00:13:00.000
CVE-2024-12021,HIGH,False,false,2025-04-01T00:13:06.000
CVE-2025-29772,HIGH,False,false,2025-04-01T00:13:11.000
CVE-2025-30161,HIGH,False,false,2025-04-01T00:13:16.000
CVE-2025-30004,CRITICAL,False,false,2025-04-01T00:13:22.000
CVE-2025-30223,CRITICAL,False,false,2025-04-01T00:13:27.000
CVE-2025-24243,HIGH,False,false,2025-04-01T12:04:31.000
CVE-2025-24259,CRITICAL,False,false,2025-04-01T12:04:36.000
CVE-2025-2007,HIGH,False,false,2025-04-01T12:04:42.000
CVE-2025-30520,HIGH,False,false,2025-04-01T12:04:47.000
CVE-2025-30544,HIGH,False,false,2025-04-01T12:04:53.000
CVE-2025-30547,HIGH,False,false,2025-04-01T12:04:58.000
CVE-2025-30548,HIGH,False,false,2025-04-01T12:05:03.000
CVE-2025-30559,HIGH,False,false,2025-04-01T12:05:09.000
CVE-2025-30563,HIGH,False,false,2025-04-01T12:05:14.000
CVE-2025-30579,HIGH,False,false,2025-04-01T12:05:20.000
CVE-2025-30589,HIGH,False,false,2025-04-01T12:05:25.000
CVE-2025-30607,HIGH,False,false,2025-04-01T12:05:30.000
CVE-2025-30614,HIGH,False,false,2025-04-01T12:05:36.000
CVE-2025-30622,CRITICAL,False,false,2025-04-01T12:05:41.000
CVE-2025-30774,HIGH,False,false,2025-04-01T12:05:46.000
CVE-2025-30782,HIGH,False,false,2025-04-01T12:05:52.000
CVE-2025-30793,HIGH,False,false,2025-04-01T12:05:57.000
CVE-2025-30794,HIGH,False,false,2025-04-01T12:06:03.000
CVE-2025-30796,HIGH,False,false,2025-04-01T12:06:08.000
CVE-2025-30797,HIGH,False,false,2025-04-01T12:06:14.000
CVE-2025-30798,HIGH,False,false,2025-04-01T12:06:19.000
CVE-2025-30808,HIGH,False,false,2025-04-01T12:06:24.000
CVE-2025-30827,HIGH,False,false,2025-04-01T12:06:30.000
CVE-2025-30834,HIGH,False,false,2025-04-01T12:06:35.000
CVE-2025-30837,HIGH,False,false,2025-04-01T12:06:40.000
CVE-2025-30840,HIGH,False,false,2025-04-01T12:06:46.000
CVE-2025-30848,HIGH,False,false,2025-04-01T12:06:51.000
CVE-2025-30849,HIGH,False,false,2025-04-01T12:06:57.000
CVE-2025-30869,HIGH,False,false,2025-04-01T12:07:02.000
CVE-2025-30870,HIGH,False,false,2025-04-01T12:07:07.000
CVE-2025-30876,CRITICAL,False,false,2025-04-01T12:07:13.000
CVE-2025-30878,HIGH,False,false,2025-04-01T12:07:18.000
CVE-2025-30880,HIGH,False,false,2025-04-01T12:07:24.000
CVE-2025-30882,HIGH,False,false,2025-04-01T12:07:29.000
CVE-2025-30886,CRITICAL,False,false,2025-04-01T12:07:35.000
CVE-2025-30901,HIGH,False,false,2025-04-01T12:07:40.000
CVE-2025-30902,HIGH,False,false,2025-04-01T12:07:45.000
CVE-2025-30910,HIGH,False,false,2025-04-01T12:07:51.000
CVE-2025-30911,CRITICAL,False,false,2025-04-01T12:07:56.000
CVE-2025-30917,HIGH,False,false,2025-04-01T12:08:02.000
CVE-2025-30924,HIGH,False,false,2025-04-01T12:08:07.000
CVE-2025-30971,CRITICAL,False,false,2025-04-01T12:08:12.000
CVE-2025-31024,HIGH,False,false,2025-04-01T12:08:18.000
CVE-2025-31415,HIGH,False,false,2025-04-01T12:08:23.000
CVE-2024-12278,HIGH,False,false,2025-04-01T12:08:29.000
CVE-2025-30210,HIGH,False,false,2025-04-02T00:11:13.000
CVE-2025-31121,HIGH,False,false,2025-04-02T00:11:18.000
CVE-2025-31131,HIGH,False,false,2025-04-02T00:11:24.000
CVE-2025-31910,HIGH,False,false,2025-04-02T00:11:29.000
CVE-2025-3096,CRITICAL,False,false,2025-04-02T00:11:35.000
CVE-2025-30554,HIGH,False,false,2025-04-02T00:11:40.000
CVE-2025-30580,CRITICAL,False,false,2025-04-02T00:11:45.000
CVE-2025-30778,HIGH,False,false,2025-04-02T00:11:51.000
CVE-2025-30807,CRITICAL,False,false,2025-04-02T00:11:56.000
CVE-2025-30825,HIGH,False,false,2025-04-02T00:12:02.000
CVE-2025-30841,CRITICAL,False,false,2025-04-02T00:12:07.000
CVE-2025-30844,HIGH,False,false,2025-04-02T00:12:12.000
CVE-2025-30852,HIGH,False,false,2025-04-02T00:12:18.000
CVE-2025-30905,HIGH,False,false,2025-04-02T00:12:23.000
CVE-2025-30906,HIGH,False,false,2025-04-02T00:12:29.000
CVE-2025-30913,HIGH,False,false,2025-04-02T00:12:34.000
CVE-2025-31078,HIGH,False,false,2025-04-02T00:12:39.000
CVE-2025-31080,HIGH,False,false,2025-04-02T00:12:45.000
CVE-2025-31081,HIGH,False,false,2025-04-02T00:12:50.000
CVE-2025-31082,HIGH,False,false,2025-04-02T00:12:56.000
CVE-2025-31085,HIGH,False,false,2025-04-02T00:13:01.000
CVE-2025-31086,HIGH,False,false,2025-04-02T00:13:06.000
CVE-2025-31089,HIGH,False,false,2025-04-02T00:13:12.000
CVE-2025-31097,HIGH,False,false,2025-04-02T00:13:17.000
CVE-2025-31431,HIGH,False,false,2025-04-02T00:13:23.000
CVE-2025-31441,HIGH,False,false,2025-04-02T00:13:28.000
CVE-2025-31445,HIGH,False,false,2025-04-02T00:13:33.000
CVE-2025-31446,HIGH,False,false,2025-04-02T00:13:39.000
CVE-2025-31454,HIGH,False,false,2025-04-02T00:13:44.000
CVE-2025-31455,HIGH,False,false,2025-04-02T00:13:50.000
CVE-2025-31461,HIGH,False,false,2025-04-02T00:13:55.000
CVE-2025-31462,HIGH,False,false,2025-04-02T00:14:00.000
CVE-2025-31531,CRITICAL,False,false,2025-04-02T00:14:06.000
CVE-2025-31534,CRITICAL,False,false,2025-04-02T00:14:11.000
CVE-2025-31537,HIGH,False,false,2025-04-02T00:14:17.000
CVE-2025-31548,HIGH,False,false,2025-04-02T00:14:22.000
CVE-2025-31551,CRITICAL,False,false,2025-04-02T00:14:27.000
CVE-2025-31552,CRITICAL,False,false,2025-04-02T00:14:33.000
CVE-2025-31553,CRITICAL,False,false,2025-04-02T00:14:38.000
CVE-2025-31561,HIGH,False,false,2025-04-02T00:14:44.000
CVE-2025-31563,HIGH,False,false,2025-04-02T00:14:49.000
CVE-2025-31564,HIGH,False,false,2025-04-02T00:14:54.000
CVE-2025-31568,HIGH,False,false,2025-04-02T00:15:00.000
CVE-2025-31571,HIGH,False,false,2025-04-02T00:15:05.000
CVE-2025-31578,HIGH,False,false,2025-04-02T00:15:11.000
CVE-2025-31579,CRITICAL,False,false,2025-04-02T00:15:16.000
CVE-2025-31580,HIGH,False,false,2025-04-02T00:15:21.000
CVE-2025-31594,HIGH,False,false,2025-04-02T00:15:27.000
CVE-2025-31619,HIGH,False,false,2025-04-02T00:15:32.000
CVE-2024-36465,HIGH,False,false,2025-04-02T12:04:24.000
CVE-2024-45699,HIGH,False,false,2025-04-02T12:04:29.000
CVE-2025-0415,CRITICAL,False,false,2025-04-02T12:04:35.000
CVE-2025-0676,HIGH,False,false,2025-04-02T12:04:40.000
CVE-2023-40714,CRITICAL,False,false,2025-04-02T12:04:46.000
CVE-2025-3063,HIGH,False,false,2025-04-02T12:04:51.000
